iteration,episode,avg_score,best_score,best_avg_score
1,9,-6.0,-6.0,-6.0
2,28,-6.0,-6.0,-6.0
3,62,-6.0,-6.0,-6.0
4,86,-6.0,-6.0,-6.0
5,118,-6.0,-6.0,-6.0
6,146,-6.0,-6.0,-6.0
7,179,-6.0,-6.0,-6.0
8,208,-6.0,-6.0,-6.0
9,224,-6.0,-6.0,-6.0
10,250,-6.0,-6.0,-6.0
11,275,-6.0,-6.0,-6.0
12,305,-6.0,-6.0,-6.0
13,312,-6.0,-6.0,-6.0
14,327,-6.0,-6.0,-6.0
15,343,-6.0,-6.0,-6.0
16,361,-6.0,-6.0,-6.0
17,374,-6.0,-6.0,-6.0
18,386,-6.0,-6.0,-6.0
19,400,-6.0,-6.0,-6.0
20,411,-6.0,-6.0,-6.0
21,423,-6.0,-6.0,-6.0
22,428,-6.0,-6.0,-6.0
23,431,-6.0,-6.0,-6.0
24,438,-6.0,-6.0,-6.0
25,440,-6.0,-6.0,-6.0
26,442,-6.0,-6.0,-6.0
27,444,-6.0,-6.0,-6.0
28,447,-6.0,-6.0,-6.0
30,450,-6.0,-6.0,-6.0
31,453,-6.0,-6.0,-6.0
33,455,-6.0,-6.0,-6.0
34,456,-6.0,-6.0,-6.0
35,461,-6.0,-6.0,-6.0
36,463,-6.0,-6.0,-6.0
37,467,-6.0,-6.0,-6.0
38,470,-6.0,-6.0,-6.0
39,477,-6.0,-6.0,-6.0
40,479,-6.0,-6.0,-6.0
41,483,-6.0,-6.0,-6.0
42,488,-6.0,-6.0,-6.0
43,493,-6.0,-6.0,-6.0
44,501,-6.0,-6.0,-6.0
45,503,-6.0,-6.0,-6.0
46,509,-6.0,-6.0,-6.0
47,517,-6.0,-6.0,-6.0
48,524,-6.0,-6.0,-6.0
49,531,-6.0,-6.0,-6.0
50,542,-6.0,-6.0,-6.0
51,551,-6.0,-6.0,-6.0
52,561,-6.0,-6.0,-6.0
53,574,-6.0,-6.0,-6.0
54,591,-6.0,-6.0,-6.0
55,604,-5.0,94.0,-5.0
56,619,-5.0,94.0,-5.0
57,637,-5.0,94.0,-5.0
58,661,-5.0,94.0,-5.0
59,675,-5.0,94.0,-5.0
60,683,-5.0,94.0,-5.0
61,692,-5.0,94.0,-5.0
62,706,-6.0,94.0,-5.0
63,720,-6.0,94.0,-5.0
64,733,-5.0,94.0,-5.0
65,746,-5.0,94.0,-5.0
66,750,-5.0,94.0,-5.0
67,761,-5.0,94.0,-5.0
68,768,-5.0,94.0,-5.0
69,773,-5.0,94.0,-5.0
70,776,-5.0,94.0,-5.0
71,777,-5.0,94.0,-5.0
72,781,-5.0,94.0,-5.0
73,782,-5.0,94.0,-5.0
74,786,-5.0,94.0,-5.0
75,788,-5.0,94.0,-5.0
76,790,-5.0,94.0,-5.0
77,792,-5.0,94.0,-5.0
78,793,-5.0,94.0,-5.0
79,794,-5.0,94.0,-5.0
80,795,-5.0,94.0,-5.0
81,796,-5.0,94.0,-5.0
84,798,-5.0,94.0,-5.0
85,799,-5.0,94.0,-5.0
86,802,-5.0,94.0,-5.0
87,806,-5.0,94.0,-5.0
88,809,-5.0,94.0,-5.0
89,814,-5.0,94.0,-5.0
90,816,-5.0,94.0,-5.0
91,827,-4.0,94.0,-4.0
92,832,-1.0,94.0,-1.0
93,835,-1.0,94.0,-1.0
94,843,1.0,94.0,1.0
95,854,7.0,94.0,7.0
96,859,10.0,94.0,10.0
97,867,11.0,94.0,11.0
98,871,13.0,94.0,13.0
99,877,14.0,94.0,14.0
100,882,16.0,94.0,16.0
101,888,17.0,94.0,17.0
102,890,17.0,94.0,17.0
103,892,17.0,94.0,17.0
104,898,18.0,94.0,18.0
105,904,19.0,94.0,19.0
106,907,19.0,94.0,19.0
107,912,21.0,94.0,21.0
108,916,21.0,94.0,21.0
109,921,20.0,94.0,21.0
110,931,17.0,94.0,21.0
111,937,21.0,394.0,21.0
112,946,16.0,394.0,21.0
113,955,12.0,394.0,21.0
114,967,9.0,394.0,21.0
115,969,9.0,394.0,21.0
116,976,6.0,394.0,21.0
117,979,5.0,394.0,21.0
118,982,8.0,394.0,21.0
119,983,8.0,394.0,21.0
120,986,11.0,394.0,21.0
121,988,11.0,394.0,21.0
122,989,11.0,394.0,21.0
124,990,11.0,394.0,21.0
126,991,11.0,394.0,21.0
128,993,11.0,394.0,21.0
129,994,11.0,394.0,21.0
130,995,11.0,394.0,21.0
132,996,11.0,394.0,21.0
133,997,11.0,394.0,21.0
134,998,10.0,394.0,21.0
137,999,10.0,394.0,21.0
139,1004,9.0,394.0,21.0
140,1005,9.0,394.0,21.0
141,1007,9.0,394.0,21.0
142,1010,7.0,394.0,21.0
143,1014,7.0,394.0,21.0
144,1017,7.0,394.0,21.0
145,1022,7.0,394.0,21.0
146,1024,11.0,394.0,21.0
147,1025,11.0,394.0,21.0
148,1026,11.0,394.0,21.0
149,1028,11.0,394.0,21.0
150,1030,11.0,394.0,21.0
151,1032,11.0,394.0,21.0
152,1038,10.0,394.0,21.0
153,1041,10.0,394.0,21.0
154,1043,11.0,394.0,21.0
155,1045,11.0,394.0,21.0
156,1047,11.0,394.0,21.0
159,1048,11.0,394.0,21.0
161,1049,11.0,394.0,21.0
162,1050,11.0,394.0,21.0
164,1051,11.0,394.0,21.0
165,1052,11.0,394.0,21.0
166,1053,12.0,394.0,21.0
168,1054,12.0,394.0,21.0
169,1056,13.0,394.0,21.0
170,1059,13.0,394.0,21.0
172,1060,17.0,394.0,21.0
175,1061,17.0,394.0,21.0
177,1062,17.0,394.0,21.0
182,1063,17.0,394.0,21.0
185,1064,17.0,394.0,21.0
187,1066,17.0,394.0,21.0
190,1068,17.0,394.0,21.0
191,1069,17.0,394.0,21.0
192,1072,17.0,394.0,21.0
194,1073,17.0,394.0,21.0
196,1074,17.0,394.0,21.0
197,1075,17.0,394.0,21.0
201,1076,17.0,394.0,21.0
203,1078,17.0,394.0,21.0
204,1079,17.0,394.0,21.0
211,1081,17.0,394.0,21.0
215,1082,13.0,394.0,21.0
216,1083,13.0,394.0,21.0
217,1086,9.0,394.0,21.0
219,1088,10.0,394.0,21.0
220,1089,10.0,394.0,21.0
222,1090,10.0,394.0,21.0
223,1093,11.0,394.0,21.0
224,1097,11.0,394.0,21.0
225,1098,11.0,394.0,21.0
226,1101,11.0,394.0,21.0
227,1102,12.0,394.0,21.0
231,1105,12.0,394.0,21.0
233,1106,12.0,394.0,21.0
234,1108,12.0,394.0,21.0
236,1110,13.0,394.0,21.0
237,1111,13.0,394.0,21.0
238,1113,13.0,394.0,21.0
239,1114,13.0,394.0,21.0
240,1119,13.0,394.0,21.0
241,1121,13.0,394.0,21.0
242,1122,14.0,394.0,21.0
243,1124,10.0,394.0,21.0
244,1126,12.0,394.0,21.0
245,1127,13.0,394.0,21.0
246,1129,13.0,394.0,21.0
247,1134,15.0,394.0,21.0
248,1142,13.0,394.0,21.0
249,1144,13.0,394.0,21.0
250,1148,18.0,394.0,21.0
251,1151,23.0,394.0,23.0
252,1159,25.0,394.0,25.0
253,1164,29.0,394.0,29.0
254,1166,31.0,394.0,31.0
255,1169,34.0,394.0,34.0
256,1172,36.0,394.0,36.0
257,1174,38.0,394.0,38.0
258,1179,45.0,394.0,45.0
259,1181,47.0,394.0,47.0
260,1187,55.0,394.0,55.0
261,1188,58.0,394.0,58.0
262,1190,62.0,394.0,62.0
263,1192,62.0,394.0,62.0
266,1194,64.0,394.0,64.0
270,1195,64.0,394.0,64.0
273,1197,69.0,394.0,69.0
274,1200,72.0,394.0,72.0
275,1202,73.0,394.0,73.0
276,1203,77.0,394.0,77.0
277,1206,79.0,394.0,79.0
279,1210,80.0,394.0,80.0
280,1211,81.0,394.0,81.0
283,1214,81.0,394.0,81.0
284,1215,85.0,394.0,85.0
286,1216,86.0,394.0,86.0
289,1219,89.0,394.0,89.0
292,1220,89.0,394.0,89.0
294,1221,90.0,394.0,90.0
295,1222,90.0,394.0,90.0
297,1224,92.0,394.0,92.0
298,1225,92.0,394.0,92.0
300,1226,91.0,394.0,92.0
303,1227,94.0,394.0,94.0
308,1229,94.0,394.0,94.0
310,1230,94.0,394.0,94.0
314,1231,95.0,394.0,95.0
316,1232,95.0,394.0,95.0
321,1233,95.0,394.0,95.0
326,1234,94.0,394.0,95.0
335,1235,95.0,394.0,95.0
336,1237,96.0,394.0,96.0
338,1239,96.0,394.0,96.0
340,1242,101.0,394.0,101.0
344,1243,102.0,394.0,102.0
345,1244,102.0,394.0,102.0
354,1245,102.0,394.0,102.0
355,1246,102.0,394.0,102.0
356,1247,98.0,394.0,102.0
357,1248,97.0,394.0,102.0
365,1249,98.0,394.0,102.0
366,1251,95.0,394.0,102.0
367,1252,96.0,394.0,102.0
369,1253,96.0,394.0,102.0
402,1254,96.0,394.0,102.0
404,1255,97.0,394.0,102.0
405,1257,98.0,394.0,102.0
406,1259,102.0,394.0,102.0
407,1262,108.0,394.0,108.0
408,1264,111.0,394.0,111.0
409,1266,111.0,394.0,111.0
410,1268,117.0,394.0,117.0
411,1271,127.0,394.0,127.0
414,1275,133.0,394.0,133.0
416,1278,133.0,394.0,133.0
417,1280,136.0,394.0,136.0
420,1281,136.0,394.0,136.0
421,1283,138.0,394.0,138.0
423,1284,138.0,394.0,138.0
424,1285,138.0,394.0,138.0
426,1286,137.0,394.0,138.0
427,1287,136.0,394.0,138.0
430,1289,128.0,394.0,138.0
431,1290,128.0,394.0,138.0
434,1292,135.0,394.0,138.0
436,1293,138.0,394.0,138.0
439,1294,141.0,394.0,141.0
441,1295,145.0,394.0,145.0
443,1299,143.0,394.0,145.0
453,1300,142.0,394.0,145.0
454,1301,141.0,394.0,145.0
455,1302,140.0,394.0,145.0
463,1303,136.0,394.0,145.0
466,1304,136.0,394.0,145.0
468,1305,135.0,394.0,145.0
469,1306,139.0,394.0,145.0
479,1311,155.0,494.0,155.0
481,1312,160.0,494.0,160.0
482,1315,165.0,494.0,165.0
485,1316,164.0,494.0,165.0
486,1317,163.0,494.0,165.0
487,1319,163.0,494.0,165.0
489,1321,166.0,494.0,166.0
491,1322,165.0,494.0,166.0
492,1323,168.0,494.0,168.0
494,1325,168.0,494.0,168.0
495,1326,169.0,494.0,169.0
496,1327,166.0,494.0,169.0
497,1328,170.0,494.0,170.0
498,1332,174.0,494.0,174.0
499,1334,179.0,494.0,179.0
500,1335,179.0,494.0,179.0
507,1336,178.0,494.0,179.0
521,1337,178.0,494.0,179.0
522,1339,181.0,494.0,181.0
523,1340,180.0,494.0,181.0
526,1341,176.0,494.0,181.0
528,1342,176.0,494.0,181.0
529,1343,175.0,494.0,181.0
531,1345,176.0,494.0,181.0
533,1347,180.0,494.0,181.0
539,1349,187.0,494.0,187.0
540,1350,190.0,494.0,190.0
541,1351,189.0,494.0,190.0
542,1352,188.0,494.0,190.0
543,1354,188.0,494.0,190.0
545,1357,194.0,494.0,194.0
546,1358,191.0,494.0,194.0
547,1360,188.0,494.0,194.0
548,1362,185.0,494.0,194.0
549,1363,185.0,494.0,194.0
550,1364,185.0,494.0,194.0
551,1366,185.0,494.0,194.0
552,1367,182.0,494.0,194.0
553,1368,179.0,494.0,194.0
554,1369,176.0,494.0,194.0
555,1372,173.0,494.0,194.0
556,1374,170.0,494.0,194.0
557,1379,174.0,494.0,194.0
558,1380,174.0,494.0,194.0
559,1382,175.0,494.0,194.0
560,1384,176.0,494.0,194.0
561,1387,181.0,494.0,194.0
562,1389,189.0,494.0,194.0
563,1390,193.0,494.0,194.0
564,1395,190.0,494.0,194.0
567,1399,198.0,494.0,198.0
568,1403,218.0,494.0,218.0
569,1407,228.0,494.0,228.0
570,1411,230.0,494.0,230.0
571,1416,236.0,494.0,236.0
572,1417,241.0,494.0,241.0
573,1418,241.0,494.0,241.0
574,1420,246.0,494.0,246.0
575,1421,251.0,494.0,251.0
576,1422,256.0,494.0,256.0
577,1424,261.0,494.0,261.0
578,1425,264.0,494.0,264.0
579,1427,262.0,494.0,264.0
581,1429,268.0,494.0,268.0
582,1434,281.0,494.0,281.0
583,1435,284.0,494.0,284.0
584,1438,292.0,494.0,292.0
585,1440,300.0,494.0,300.0
586,1441,304.0,494.0,304.0
587,1443,308.0,494.0,308.0
588,1445,312.0,494.0,312.0
591,1446,316.0,494.0,316.0
592,1448,313.0,494.0,316.0
593,1450,310.0,494.0,316.0
594,1452,314.0,494.0,316.0
595,1455,317.0,494.0,317.0
596,1456,314.0,494.0,317.0
598,1459,323.0,494.0,323.0
599,1461,322.0,494.0,323.0
600,1462,322.0,494.0,323.0
601,1463,322.0,494.0,323.0
602,1464,326.0,494.0,326.0
603,1465,329.0,494.0,329.0
604,1466,333.0,494.0,333.0
606,1469,339.0,494.0,339.0
608,1470,339.0,494.0,339.0
609,1472,343.0,494.0,343.0
612,1473,344.0,494.0,344.0
615,1475,344.0,494.0,344.0
616,1477,344.0,494.0,344.0
617,1478,344.0,494.0,344.0
618,1482,353.0,494.0,353.0
620,1483,357.0,494.0,357.0
621,1485,353.0,494.0,357.0
624,1487,348.0,494.0,357.0
625,1488,344.0,494.0,357.0
631,1490,336.0,494.0,357.0
632,1491,332.0,494.0,357.0
634,1492,329.0,494.0,357.0
636,1493,329.0,494.0,357.0
637,1494,332.0,494.0,357.0
640,1495,332.0,494.0,357.0
641,1497,335.0,494.0,357.0
642,1499,331.0,494.0,357.0
643,1501,346.0,2494.0,357.0
645,1503,362.0,2494.0,362.0
646,1505,360.0,2494.0,362.0
648,1506,360.0,2494.0,362.0
649,1507,355.0,2494.0,362.0
650,1508,379.0,2494.0,379.0
651,1509,399.0,2494.0,399.0
652,1510,394.0,2494.0,399.0
653,1511,390.0,2494.0,399.0
654,1513,380.0,2494.0,399.0
655,1514,380.0,2494.0,399.0
656,1518,364.0,2494.0,399.0
657,1520,358.0,2494.0,399.0
658,1521,353.0,2494.0,399.0
659,1522,353.0,2494.0,399.0
662,1523,348.0,2494.0,399.0
663,1524,343.0,2494.0,399.0
664,1525,339.0,2494.0,399.0
665,1526,343.0,2494.0,399.0
666,1527,343.0,2494.0,399.0
669,1528,338.0,2494.0,399.0
671,1529,333.0,2494.0,399.0
674,1530,328.0,2494.0,399.0
675,1531,324.0,2494.0,399.0
676,1533,314.0,2494.0,399.0
677,1534,313.0,2494.0,399.0
678,1536,306.0,2494.0,399.0
679,1537,302.0,2494.0,399.0
680,1538,323.0,2494.0,399.0
681,1540,365.0,2494.0,399.0
682,1542,357.0,2494.0,399.0
683,1543,356.0,2494.0,399.0
684,1545,377.0,2494.0,399.0
685,1549,367.0,2494.0,399.0
686,1550,367.0,2494.0,399.0
687,1551,363.0,2494.0,399.0
689,1552,363.0,2494.0,399.0
690,1554,363.0,2494.0,399.0
691,1555,363.0,2494.0,399.0
695,1557,358.0,2494.0,399.0
696,1559,375.0,2494.0,399.0
697,1560,396.0,2494.0,399.0
698,1566,402.0,2494.0,402.0
699,1567,401.0,2494.0,402.0
700,1571,423.0,2494.0,423.0
701,1573,413.0,2494.0,423.0
704,1576,408.0,2494.0,423.0
705,1579,397.0,2494.0,423.0
706,1581,416.0,2494.0,423.0
707,1583,406.0,2494.0,423.0
708,1585,402.0,2494.0,423.0
709,1587,402.0,2494.0,423.0
710,1588,402.0,2494.0,423.0
711,1590,402.0,2494.0,423.0
712,1594,403.0,2494.0,423.0
714,1596,395.0,2494.0,423.0
715,1597,396.0,2494.0,423.0
716,1600,392.0,2494.0,423.0
718,1602,396.0,2494.0,423.0
719,1603,371.0,2494.0,423.0
720,1604,367.0,2494.0,423.0
721,1607,358.0,2494.0,423.0
722,1610,313.0,2494.0,423.0
725,1611,312.0,2494.0,423.0
728,1612,312.0,2494.0,423.0
730,1613,312.0,2494.0,423.0
731,1614,337.0,2494.0,423.0
732,1615,337.0,2494.0,423.0
734,1618,362.0,2494.0,423.0
735,1619,358.0,2494.0,423.0
736,1621,358.0,2494.0,423.0
737,1622,353.0,2494.0,423.0
738,1625,358.0,2494.0,423.0
740,1628,354.0,2494.0,423.0
741,1630,379.0,2494.0,423.0
742,1631,379.0,2494.0,423.0
743,1632,379.0,2494.0,423.0
746,1633,379.0,2494.0,423.0
747,1634,375.0,2494.0,423.0
749,1636,374.0,2494.0,423.0
751,1638,348.0,2494.0,423.0
752,1639,323.0,2494.0,423.0
753,1640,298.0,2494.0,423.0
755,1641,298.0,2494.0,423.0
756,1643,298.0,2494.0,423.0
757,1644,297.0,2494.0,423.0
759,1649,273.0,2494.0,423.0
760,1651,273.0,2494.0,423.0
761,1654,268.0,2494.0,423.0
762,1656,264.0,2494.0,423.0
763,1658,264.0,2494.0,423.0
765,1659,239.0,2494.0,423.0
766,1660,239.0,2494.0,423.0
767,1662,264.0,2494.0,423.0
768,1663,264.0,2494.0,423.0
769,1666,264.0,2494.0,423.0
770,1667,264.0,2494.0,423.0
771,1670,244.0,2494.0,423.0
772,1672,244.0,2494.0,423.0
773,1673,244.0,2494.0,423.0
774,1674,244.0,2494.0,423.0
775,1676,244.0,2494.0,423.0
776,1678,269.0,2494.0,423.0
777,1679,269.0,2494.0,423.0
778,1680,244.0,2494.0,423.0
779,1681,244.0,2494.0,423.0
781,1683,244.0,2494.0,423.0
782,1684,244.0,2494.0,423.0
789,1685,244.0,2494.0,423.0
790,1687,269.0,2494.0,423.0
791,1688,269.0,2494.0,423.0
792,1691,264.0,2494.0,423.0
793,1693,259.0,2494.0,423.0
794,1694,259.0,2494.0,423.0
795,1698,254.0,2494.0,423.0
796,1699,229.0,2494.0,423.0
797,1700,254.0,2494.0,423.0
798,1704,264.0,2494.0,423.0
799,1707,314.0,2494.0,423.0
800,1708,314.0,2494.0,423.0
801,1709,314.0,2494.0,423.0
802,1712,369.0,2494.0,423.0
803,1714,369.0,2494.0,423.0
804,1715,394.0,2494.0,423.0
805,1717,394.0,2494.0,423.0
806,1718,394.0,2494.0,423.0
807,1719,419.0,2494.0,423.0
808,1721,419.0,2494.0,423.0
810,1724,414.0,2494.0,423.0
811,1727,414.0,2494.0,423.0
812,1728,415.0,2494.0,423.0
813,1730,390.0,2494.0,423.0
815,1731,390.0,2494.0,423.0
817,1732,390.0,2494.0,423.0
818,1733,390.0,2494.0,423.0
819,1736,392.0,2494.0,423.0
820,1737,392.0,2494.0,423.0
821,1738,396.0,2494.0,423.0
822,1741,430.0,2494.0,430.0
824,1742,430.0,2494.0,430.0
825,1747,465.0,2494.0,465.0
826,1751,498.0,2494.0,498.0
827,1752,503.0,2494.0,503.0
829,1755,509.0,2494.0,509.0
830,1759,514.0,2494.0,514.0
831,1760,489.0,2494.0,514.0
832,1761,468.0,2494.0,514.0
837,1762,472.0,2494.0,514.0
839,1764,448.0,2494.0,514.0
841,1765,453.0,2494.0,514.0
844,1767,462.0,2494.0,514.0
845,1768,462.0,2494.0,514.0
846,1770,467.0,2494.0,514.0
849,1774,496.0,2494.0,514.0
851,1775,501.0,2494.0,514.0
852,1776,505.0,2494.0,514.0
854,1777,484.0,2494.0,514.0
857,1781,492.0,2494.0,514.0
861,1782,492.0,2494.0,514.0
864,1783,492.0,2494.0,514.0
866,1785,521.0,2494.0,521.0
867,1787,525.0,2494.0,525.0
868,1790,579.0,2494.0,579.0
870,1792,604.0,2494.0,604.0
871,1793,629.0,2494.0,629.0
873,1795,637.0,2494.0,637.0
877,1797,641.0,2494.0,641.0
878,1799,645.0,2494.0,645.0
881,1800,620.0,2494.0,645.0
883,1802,615.0,2494.0,645.0
885,1803,610.0,2494.0,645.0
888,1805,585.0,2494.0,645.0
889,1806,565.0,2494.0,645.0
892,1807,565.0,2494.0,645.0
893,1808,560.0,2494.0,645.0
895,1809,585.0,2494.0,645.0
896,1810,560.0,2494.0,645.0
898,1812,540.0,2494.0,645.0
899,1813,540.0,2494.0,645.0
900,1814,540.0,2494.0,645.0
901,1815,515.0,2494.0,645.0
904,1816,515.0,2494.0,645.0
906,1817,490.0,2494.0,645.0
907,1818,490.0,2494.0,645.0
909,1819,470.0,2494.0,645.0
910,1820,475.0,2494.0,645.0
914,1821,475.0,2494.0,645.0
916,1822,475.0,2494.0,645.0
918,1823,480.0,2494.0,645.0
922,1824,480.0,2494.0,645.0
925,1826,480.0,2494.0,645.0
926,1827,480.0,2494.0,645.0
930,1828,479.0,2494.0,645.0
931,1829,504.0,2494.0,645.0
932,1830,509.0,2494.0,645.0
933,1831,509.0,2494.0,645.0
934,1832,534.0,2494.0,645.0
941,1834,538.0,2494.0,645.0
943,1835,538.0,2494.0,645.0
946,1836,537.0,2494.0,645.0
947,1838,533.0,2494.0,645.0
948,1839,508.0,2494.0,645.0
949,1840,504.0,2494.0,645.0
950,1841,499.0,2494.0,645.0
951,1842,499.0,2494.0,645.0
952,1843,495.0,2494.0,645.0
955,1844,470.0,2494.0,645.0
956,1845,465.0,2494.0,645.0
958,1847,514.0,2494.0,645.0
959,1848,514.0,2494.0,645.0
960,1854,564.0,2494.0,645.0
961,1855,560.0,2494.0,645.0
967,1856,559.0,2494.0,645.0
972,1857,555.0,2494.0,645.0
975,1860,555.0,2494.0,645.0
977,1862,547.0,2494.0,645.0
980,1864,546.0,2494.0,645.0
983,1865,541.0,2494.0,645.0
985,1866,541.0,2494.0,645.0
986,1867,542.0,2494.0,645.0
987,1869,537.0,2494.0,645.0
988,1870,532.0,2494.0,645.0
989,1871,512.0,2494.0,645.0
993,1873,517.0,2494.0,645.0
994,1876,519.0,2494.0,645.0
995,1878,520.0,2494.0,645.0
1000,1879,516.0,2494.0,645.0
1001,1880,516.0,2494.0,645.0
1003,1881,512.0,2494.0,645.0
1009,1882,512.0,2494.0,645.0
1012,1883,512.0,2494.0,645.0
1013,1884,487.0,2494.0,645.0
1015,1886,479.0,2494.0,645.0
1017,1887,454.0,2494.0,645.0
1018,1888,450.0,2494.0,645.0
1021,1889,450.01,2495.0,645.0
1025,1890,450.01,2495.0,645.0
1029,1892,425.01,2495.0,645.0
1030,1894,421.01,2495.0,645.0
1031,1895,417.01,2495.0,645.0
1032,1896,418.01,2495.0,645.0
1039,1898,411.01,2495.0,645.0
1040,1900,412.01,2495.0,645.0
1041,1902,417.01,2495.0,645.0
1042,1904,416.01,2495.0,645.0
1043,1907,415.01,2495.0,645.0
1045,1908,415.01,2495.0,645.0
1046,1910,398.01,2495.0,645.0
1047,1912,396.01,2495.0,645.0
1049,1914,379.01,2495.0,645.0
1052,1916,383.01,2495.0,645.0
1053,1917,388.01,2495.0,645.0
1055,1918,413.02,2495.0,645.0
1057,1920,430.02,2594.0,645.0
1058,1921,434.02,2594.0,645.0
1063,1922,459.02,2594.0,645.0
1071,1923,479.02,2594.0,645.0
1073,1924,479.02,2594.0,645.0
1081,1925,504.03,2594.0,645.0
1082,1926,504.03,2594.0,645.0
1085,1927,504.03,2594.0,645.0
1090,1928,504.03,2594.0,645.0
1099,1929,484.03,2594.0,645.0
1103,1933,554.03,2594.0,645.0
1104,1934,554.03,2594.0,645.0
1106,1935,554.03,2594.0,645.0
1108,1936,579.03,2594.0,645.0
1123,1937,584.03,2594.0,645.0
1128,1938,609.03,2594.0,645.0
1129,1939,614.03,2594.0,645.0
1130,1940,619.03,2594.0,645.0
1131,1943,629.03,2594.0,645.0
1132,1945,639.03,2594.0,645.0
1133,1950,599.03,2594.0,645.0
1134,1952,579.03,2594.0,645.0
1135,1955,544.03,2594.0,645.0
1136,1956,549.03,2594.0,645.0
1137,1957,549.03,2594.0,645.0
1142,1958,554.03,2594.0,645.0
1143,1959,559.03,2594.0,645.0
1144,1960,564.03,2594.0,645.0
1145,1961,569.03,2594.0,645.0
1146,1962,574.03,2594.0,645.0
1147,1963,574.03,2594.0,645.0
1148,1964,579.03,2594.0,645.0
1149,1966,579.03,2594.0,645.0
1153,1967,574.03,2594.0,645.0
1155,1968,574.03,2594.0,645.0
1156,1969,574.03,2594.0,645.0
1157,1970,574.03,2594.0,645.0
1160,1971,575.03,2594.0,645.0
1165,1972,570.03,2594.0,645.0
1167,1975,565.03,2594.0,645.0
1169,1976,565.03,2594.0,645.0
1170,1978,571.03,2594.0,645.0
1171,1979,576.03,2594.0,645.0
1177,1980,581.03,2594.0,645.0
1178,1981,581.03,2594.0,645.0
1181,1983,590.03,2594.0,645.0
1189,1984,595.03,2594.0,645.0
1191,1985,595.03,2594.0,645.0
1199,1986,595.03,2594.0,645.0
1202,1989,620.02,2594.0,645.0
1203,1990,595.02,2594.0,645.0
1206,1991,600.02,2594.0,645.0
1210,1992,600.02,2594.0,645.0
1216,1993,600.02,2594.0,645.0
1217,1994,575.02,2594.0,645.0
1220,1995,575.02,2594.0,645.0
1221,1996,580.02,2594.0,645.0
1254,1999,607.02,2594.0,645.0
1255,2000,607.02,2594.0,645.0
1257,2001,628.02,2594.0,645.0
1268,2002,627.02,2594.0,645.0
1270,2003,627.02,2594.0,645.0
1282,2004,648.02,2594.0,648.02
1286,2005,669.02,2594.0,669.02
1292,2006,674.02,2594.0,674.02
1294,2008,724.02,2594.0,724.02
1298,2009,745.02,2594.0,745.02
1304,2010,767.02,2594.0,767.02
1307,2011,768.02,2594.0,768.02
1311,2012,789.02,2594.0,789.02
1314,2013,810.02,2594.0,810.02
1319,2014,806.02,2594.0,810.02
1326,2016,827.02,2594.0,827.02
1327,2017,847.02,2594.0,847.02
1328,2019,847.02,2594.0,847.02
1342,2020,850.02,2594.0,850.02
1353,2022,872.03,2594.0,872.03
1354,2023,872.03,2594.0,872.03
1355,2024,897.03,2594.0,897.03
1363,2025,897.02,2594.0,897.03
1365,2026,923.02,2594.0,923.02
1371,2027,928.02,2594.0,928.02
1388,2028,953.02,2594.0,953.02
1392,2029,948.02,2594.0,953.02
1394,2030,948.02,2594.0,953.02
1398,2031,948.02,2594.0,953.02
1399,2033,928.02,2594.0,953.02
1411,2034,948.02,2594.0,953.02
1412,2035,973.02,2594.0,973.02
1414,2036,953.02,2594.0,973.02
1415,2037,973.02,2594.0,973.02
1421,2038,974.02,2594.0,974.02
1424,2039,994.03,2594.0,994.03
1426,2040,994.03,2594.0,994.03
1428,2041,1000.03,2594.0,1000.03
1445,2042,1021.03,2594.0,1021.03
1449,2043,1041.03,2594.0,1041.03
1454,2045,1039.03,2594.0,1041.03
1455,2047,1059.03,2594.0,1059.03
1456,2048,1058.03,2594.0,1059.03
1457,2050,1077.03,2594.0,1077.03
1467,2051,1097.03,2594.0,1097.03
1468,2052,1117.03,2594.0,1117.03
1470,2053,1137.03,2594.0,1137.03
1475,2054,1157.03,2594.0,1157.03
1478,2055,1177.03,2594.0,1177.03
1481,2056,1177.03,2594.0,1177.03
1483,2057,1183.03,2594.0,1183.03
1494,2059,1202.03,2594.0,1202.03
1506,2060,1197.03,2594.0,1202.03
1510,2061,1217.03,2594.0,1217.03
1511,2062,1216.03,2594.0,1217.03
1512,2063,1222.03,2594.0,1222.03
1516,2064,1242.03,2594.0,1242.03
1522,2065,1263.03,2594.0,1263.03
1524,2067,1314.03,2594.0,1314.03
1536,2068,1313.03,2594.0,1314.03
1539,2069,1339.03,2594.0,1339.03
1545,2070,1343.03,2594.0,1343.03
1548,2071,1362.03,2594.0,1362.03
1549,2072,1367.03,2594.0,1367.03
1554,2073,1393.03,2594.0,1393.03
1555,2074,1414.03,2594.0,1414.03
1556,2075,1435.03,2594.0,1435.03
1559,2076,1456.03,2594.0,1456.03
1565,2078,1497.03,2594.0,1497.03
1566,2080,1539.03,2594.0,1539.03
1570,2081,1564.03,2594.0,1564.03
1573,2083,1607.03,2594.0,1607.03
1574,2084,1602.05,2594.0,1607.03
1575,2085,1602.09,2594.0,1607.03
1576,2086,1627.09,2594.0,1627.09
1578,2087,1628.09,2594.0,1628.09
1579,2088,1609.09,2594.0,1628.09
1582,2090,1661.09,2594.0,1661.09
1584,2091,1682.09,2594.0,1682.09
1587,2093,1694.09,2594.0,1694.09
1588,2094,1720.09,2594.0,1720.09
1589,2096,1745.09,2594.0,1745.09
1597,2097,1767.09,2594.0,1767.09
1598,2098,1792.09,2594.0,1792.09
1599,2099,1796.09,2894.0,1796.09
1601,2100,1822.09,2894.0,1822.09
1603,2101,1822.09,2894.0,1822.09
1618,2102,1847.09,2894.0,1847.09
1620,2103,1847.15,2894.0,1847.15
1621,2105,1826.15,2894.0,1847.15
1624,2106,1827.15,2894.0,1847.15
1627,2107,1808.15,2894.0,1847.15
1633,2108,1783.2,2894.0,1847.15
1634,2109,1758.2,2894.0,1847.15
1638,2111,1727.27,2894.0,1847.15
1639,2113,1685.27,2894.0,1847.15
1647,2114,1711.27,2894.0,1847.15
1649,2115,1686.33,2894.0,1847.15
1651,2116,1691.33,2894.0,1847.15
1664,2118,1645.37,2894.0,1847.15
1667,2119,1619.4,2894.0,1847.15
1670,2120,1615.45,2894.0,1847.15
1675,2122,1593.44,2894.0,1847.15
1676,2123,1594.44,2894.0,1847.15
1677,2125,1599.44,2894.0,1847.15
1680,2127,1572.5,2894.0,1847.15
1681,2128,1547.52,2894.0,1847.15
1682,2129,1547.54,2894.0,1847.15
1683,2130,1547.54,2894.0,1847.15
1684,2132,1551.54,2894.0,1847.15
1685,2133,1575.54,2894.0,1847.15
1687,2134,1579.54,2894.0,1847.15
1688,2136,1607.54,2894.0,1847.15
1689,2137,1590.54,2894.0,1847.15
1691,2139,1597.53,2894.0,1847.15
1692,2140,1621.53,2894.0,1847.15
1694,2141,1623.53,2894.0,1847.15
1705,2142,1626.53,2894.0,1847.15
1706,2143,1630.53,2894.0,1847.15
1707,2145,1627.57,2894.0,1847.15
1720,2146,1601.57,2894.0,1847.15
1721,2147,1626.57,2894.0,1847.15
1722,2148,1622.62,2894.0,1847.15
1724,2151,1626.66,2894.0,1847.15
1726,2152,1630.66,2894.0,1847.15
1729,2153,1605.7,2894.0,1847.15
1732,2154,1580.76,2894.0,1847.15
1733,2155,1555.82,2894.0,1847.15
1734,2156,1558.82,2894.0,1847.15
1738,2157,1552.88,2894.0,1847.15
1739,2160,1557.93,2994.0,1847.15
1740,2161,1557.93,2994.0,1847.15
1741,2163,1572.97,2994.0,1847.15
1744,2164,1576.97,2994.0,1847.15
1745,2165,1579.97,2994.0,1847.15
1748,2166,1579.97,2994.0,1847.15
1750,2169,1578.97,2994.0,1847.15
1752,2170,1599.97,2994.0,1847.15
1755,2171,1603.97,2994.0,1847.15
1756,2172,1599.02,2994.0,1847.15
1758,2174,1576.08,2994.0,1847.15
1763,2175,1579.08,2994.0,1847.15
1764,2176,1553.14,2994.0,1847.15
1769,2177,1527.2,2994.0,1847.15
1770,2178,1501.24,2994.0,1847.15
1773,2179,1504.24,2994.0,1847.15
1775,2180,1478.28,2994.0,1847.15
1776,2182,1457.33,2994.0,1847.15
1777,2183,1456.33,2994.0,1847.15
1780,2184,1481.31,2994.0,1847.15
1781,2185,1481.33,2994.0,1847.15
1783,2186,1485.33,2994.0,1847.15
1785,2188,1507.33,2994.0,1847.15
1787,2189,1511.33,2994.0,1847.15
1788,2190,1510.33,2994.0,1847.15
1795,2191,1510.33,2994.0,1847.15
1797,2192,1504.39,2994.0,1847.15
1799,2193,1498.45,2994.0,1847.15
1802,2194,1472.51,2994.0,1847.15
1807,2195,1475.51,2994.0,1847.15
1809,2197,1503.51,2994.0,1847.15
1810,2200,1511.51,2994.0,1847.15
1814,2201,1515.51,2994.0,1847.15
1818,2202,1498.51,2994.0,1847.15
1821,2203,1498.5,2994.0,1847.15
1822,2204,1519.5,2994.0,1847.15
1823,2207,1557.5,2994.0,1847.15
1824,2210,1632.43,2994.0,1847.15
1825,2211,1657.38,2994.0,1847.15
1826,2212,1678.38,2994.0,1847.15
1830,2213,1674.43,2994.0,1847.15
1832,2214,1677.43,2994.0,1847.15
1833,2215,1677.43,2994.0,1847.15
1835,2216,1701.43,2994.0,1847.15
1836,2217,1726.43,2994.0,1847.15
1845,2218,1755.38,2994.0,1847.15
1850,2219,1784.35,2994.0,1847.15
1851,2220,1813.3,2994.0,1847.15
1853,2221,1817.3,2994.0,1847.15
1857,2223,1837.3,2994.0,1847.15
1858,2224,1840.3,2994.0,1847.15
1867,2225,1841.3,2994.0,1847.15
1872,2226,1871.24,2994.0,1871.24
1875,2227,1896.24,2994.0,1896.24
1884,2229,1926.25,2994.0,1926.25
1886,2230,1930.25,2994.0,1930.25
1888,2231,1905.29,2994.0,1930.25
1891,2232,1905.29,2994.0,1930.25
1901,2233,1905.29,2994.0,1930.25
1906,2234,1905.29,2994.0,1930.25
1908,2235,1905.29,2994.0,1930.25
1910,2236,1876.34,2994.0,1930.25
1912,2237,1868.4,2994.0,1930.25
1913,2240,1839.44,2994.0,1930.25
1927,2242,1831.48,2994.0,1930.25
1930,2243,1802.54,2994.0,1930.25
1931,2244,1826.54,2994.0,1930.25
1933,2245,1855.5,2994.0,1930.25
1934,2246,1855.54,2994.0,1930.25
1935,2247,1834.54,2994.0,1930.25
1937,2248,1834.54,2994.0,1930.25
1942,2250,1859.5,2994.0,1930.25
1948,2251,1830.55,2994.0,1930.25
1952,2253,1830.54,2994.0,1930.25
1954,2254,1860.48,2994.0,1930.25
1955,2255,1886.42,2994.0,1930.25
1958,2256,1904.42,2994.0,1930.25
1962,2259,1929.43,2994.0,1930.25
1963,2260,1924.43,2994.0,1930.25
1964,2261,1929.43,2994.0,1930.25
1965,2262,1933.43,2994.0,1933.43
1967,2263,1962.39,2994.0,1962.39
1971,2264,1962.39,2994.0,1962.39
1973,2265,1958.39,2994.0,1962.39
1980,2266,1962.39,2994.0,1962.39
1984,2267,1937.45,2994.0,1962.39
1996,2268,1961.45,2994.0,1962.39
1998,2269,1961.46,2994.0,1962.39
2000,2270,1965.46,2994.0,1965.46
2001,2271,1936.52,2994.0,1965.46
2002,2273,1937.53,2994.0,1965.46
2009,2274,1967.47,2994.0,1967.47
2011,2275,1946.47,2994.0,1967.47
2012,2276,1975.41,2994.0,1975.41
2013,2277,1984.35,2994.0,1984.35
2019,2278,1993.31,2994.0,1993.31
2024,2279,1993.31,2994.0,1993.31
2035,2282,1989.35,2994.0,1993.31
2036,2283,1964.41,2994.0,1993.31
2038,2284,1968.41,2994.0,1993.31
2050,2285,1998.35,2994.0,1998.35
2051,2287,2003.35,2994.0,2003.35
2052,2288,1999.38,2994.0,2003.35
2056,2289,1998.38,2994.0,2003.35
2058,2290,2002.38,2994.0,2003.35
2063,2293,2034.32,2994.0,2034.32
2067,2294,2063.26,2994.0,2063.26
2077,2295,2059.26,2994.0,2063.26
2080,2296,2030.32,2994.0,2063.26
2083,2298,2030.32,2994.0,2063.26
2093,2300,2030.32,2994.0,2063.26
2116,2302,2048.32,2994.0,2063.26
2118,2304,2083.27,2994.0,2083.27
2119,2305,2088.27,2994.0,2088.27
2121,2307,2098.27,2994.0,2098.27
2123,2309,2107.27,2994.0,2107.27
2125,2310,2112.27,2994.0,2112.27
2127,2311,2116.27,2994.0,2116.27
2129,2312,2120.27,2994.0,2120.27
2130,2314,2145.22,2994.0,2145.22
2131,2315,2170.16,2994.0,2170.16
2135,2316,2166.16,2994.0,2170.16
2137,2317,2167.16,2994.0,2170.16
2150,2318,2163.16,2994.0,2170.16
2165,2319,2159.16,2994.0,2170.16
2170,2320,2159.16,2994.0,2170.16
2175,2322,2134.22,2994.0,2170.16
2178,2323,2135.22,2994.0,2170.16
2181,2324,2135.22,2994.0,2170.16
2187,2325,2114.22,2994.0,2170.16
2189,2326,2113.22,2994.0,2170.16
2192,2328,2108.22,2994.0,2170.16
2193,2329,2133.17,2994.0,2170.16
2196,2330,2104.22,2994.0,2170.16
2205,2331,2133.18,2994.0,2170.16
2208,2332,2129.18,2994.0,2170.16
2220,2333,2129.18,2994.0,2170.16
2223,2335,2121.18,2994.0,2170.16
2233,2336,2146.13,2994.0,2170.16
2236,2338,2117.18,2994.0,2170.16
2240,2339,2147.14,2994.0,2170.16
2241,2340,2143.14,2994.0,2170.16
2242,2341,2172.1,2994.0,2172.1
2243,2342,2172.1,2994.0,2172.1
2244,2343,2201.04,2994.0,2201.04
2247,2344,2202.04,2994.0,2202.04
2250,2345,2203.04,2994.0,2203.04
2251,2347,2253.0,2994.0,2253.0
2252,2348,2282.95,2994.0,2282.95
2258,2349,2282.95,2994.0,2282.95
2264,2350,2283.95,2994.0,2283.95
2265,2351,2312.9,2994.0,2312.9
2284,2353,2321.87,2994.0,2321.87
2288,2354,2316.91,2994.0,2321.87
2289,2355,2320.91,2994.0,2321.87
2290,2356,2319.91,2994.0,2321.87
2291,2357,2348.85,2994.0,2348.85
2299,2358,2349.85,2994.0,2349.85
2300,2359,2379.79,2994.0,2379.79
2303,2360,2379.79,2994.0,2379.79
2305,2361,2349.85,2994.0,2379.79
2312,2362,2349.85,2994.0,2379.79
2313,2363,2345.85,2994.0,2379.79
2314,2364,2341.85,2994.0,2379.79
2325,2365,2345.85,2994.0,2379.79
2328,2366,2341.85,2994.0,2379.79
2329,2369,2347.84,2994.0,2379.79
2330,2370,2347.86,2994.0,2379.79
2331,2371,2377.8,2994.0,2379.79
2332,2372,2407.74,2994.0,2407.74
2337,2374,2406.74,2994.0,2407.74
2338,2375,2428.74,2994.0,2428.74
2339,2376,2424.74,2994.0,2428.74
2340,2377,2444.74,2994.0,2444.74
2345,2378,2460.74,2994.0,2460.74
2346,2379,2431.8,2994.0,2460.74
2351,2380,2430.79,2994.0,2460.74
2357,2382,2455.75,2994.0,2460.74
2358,2383,2485.69,2994.0,2485.69
2359,2384,2456.75,2994.0,2485.69
2363,2386,2427.81,2994.0,2485.69
2365,2387,2427.81,2994.0,2485.69
2366,2388,2432.78,2994.0,2485.69
2367,2389,2428.78,2994.0,2485.69
2369,2391,2370.89,2994.0,2485.69
2370,2392,2400.83,2994.0,2485.69
2371,2394,2378.83,2994.0,2485.69
2373,2397,2413.77,2994.0,2485.69
2380,2399,2384.83,2994.0,2485.69
2381,2400,2380.83,2994.0,2485.69
2382,2401,2384.83,2994.0,2485.69
2383,2402,2354.89,2994.0,2485.69
2389,2403,2354.89,2994.0,2485.69
2393,2404,2349.89,2994.0,2485.69
2395,2405,2344.89,2994.0,2485.69
2399,2406,2339.92,2994.0,2485.69
2402,2407,2309.98,2994.0,2485.69
2408,2408,2282.02,2994.0,2485.69
2413,2409,2277.02,2994.0,2485.69
2414,2410,2272.05,2994.0,2485.69
2419,2412,2264.05,2994.0,2485.69
2422,2413,2260.05,2994.0,2485.69
2435,2414,2260.05,2994.0,2485.69
2441,2415,2264.05,2994.0,2485.69
2442,2416,2264.05,2994.0,2485.69
2446,2417,2264.05,2994.0,2485.69
2447,2418,2269.05,2994.0,2485.69
2458,2419,2274.05,2994.0,2485.69
2465,2420,2274.07,2994.0,2485.69
2466,2421,2274.07,2994.0,2485.69
2468,2422,2245.12,2994.0,2485.69
2472,2423,2219.18,2994.0,2485.69
2474,2424,2219.18,2994.0,2485.69
2479,2425,2240.18,2994.0,2485.69
2503,2426,2241.18,2994.0,2485.69
2506,2427,2237.21,2994.0,2485.69
2507,2428,2242.21,2994.0,2485.69
2509,2429,2247.21,2994.0,2485.69
2510,2430,2277.16,2994.0,2485.69
2512,2431,2278.16,2994.0,2485.69
2513,2432,2282.16,2994.0,2485.69
2514,2433,2283.16,2994.0,2485.69
2517,2434,2288.16,2994.0,2485.69
2523,2435,2288.16,2994.0,2485.69
2526,2436,2263.22,2994.0,2485.69
2529,2437,2263.23,2994.0,2485.69
2531,2438,2263.23,2994.0,2485.69
2533,2439,2233.29,2994.0,2485.69
2535,2440,2238.29,2994.0,2485.69
2539,2441,2239.33,2998.0,2485.69
2541,2443,2241.33,2998.0,2485.69
2542,2444,2241.33,2998.0,2485.69
2543,2445,2241.33,2998.0,2485.69
2545,2446,2241.33,2998.0,2485.69
2548,2447,2237.33,2998.0,2485.69
2549,2448,2236.33,2998.0,2485.69
2551,2449,2241.33,2998.0,2485.69
2556,2450,2236.36,2998.0,2485.69
2558,2451,2236.37,2998.0,2485.69
2564,2452,2257.37,2998.0,2485.69
2565,2453,2253.42,2998.0,2485.69
2566,2454,2253.39,2998.0,2485.69
2572,2455,2253.39,2998.0,2485.69
2573,2456,2257.39,2998.0,2485.69
2578,2457,2258.39,2998.0,2485.69
2583,2458,2257.42,2998.0,2485.69
2589,2459,2257.42,2998.0,2485.69
2591,2460,2232.48,2998.0,2485.69
2598,2461,2257.42,2998.0,2485.69
2603,2462,2257.44,2998.0,2485.69
2604,2464,2261.46,2998.0,2485.69
2605,2466,2232.54,2998.0,2485.69
2606,2468,2230.59,2998.0,2485.69
2607,2469,2230.59,2998.0,2485.69
2610,2472,2230.57,2998.0,2485.69
2611,2473,2230.57,2998.0,2485.69
2612,2474,2230.59,2998.0,2485.69
2613,2477,2230.59,2998.0,2485.69
2615,2478,2230.61,2998.0,2485.69
2616,2479,2256.6,2998.0,2485.69
2619,2480,2261.58,2998.0,2485.69
2620,2481,2266.58,2998.0,2485.69
2626,2482,2291.54,2998.0,2485.69
2634,2484,2311.48,2998.0,2485.69
2637,2485,2310.48,2998.0,2485.69
2638,2486,2335.42,2998.0,2485.69
2641,2487,2335.42,2998.0,2485.69
2645,2488,2330.42,2998.0,2485.69
2652,2489,2331.42,2998.0,2485.69
2653,2491,2381.33,2998.0,2485.69
2655,2492,2381.33,2998.0,2485.69
2665,2493,2376.37,2998.0,2485.69
2669,2494,2400.37,2998.0,2485.69
2672,2495,2395.39,2998.0,2485.69
2677,2496,2390.39,2998.0,2485.69
2678,2497,2385.39,2998.0,2485.69
2681,2498,2414.33,2998.0,2485.69
2682,2499,2409.35,2998.0,2485.69
2689,2500,2409.39,2998.0,2485.69
2693,2501,2410.39,2998.0,2485.69
2696,2502,2440.33,2998.0,2485.69
2698,2503,2435.33,2998.0,2485.69
2708,2504,2439.33,2998.0,2485.69
2715,2505,2443.36,2998.0,2485.69
2719,2506,2444.36,2998.0,2485.69
2727,2507,2473.3,2998.0,2485.69
2730,2508,2498.26,2998.0,2498.26
2733,2509,2503.26,2998.0,2503.26
2734,2510,2503.23,2998.0,2503.26
2738,2511,2508.23,2998.0,2508.23
2739,2512,2509.23,2998.0,2509.23
2740,2513,2514.23,2998.0,2514.23
2741,2514,2518.23,2998.0,2518.23
2744,2515,2514.25,2998.0,2518.23
2745,2516,2514.25,2998.0,2518.23
2748,2517,2514.28,2998.0,2518.23
2751,2518,2514.28,2998.0,2518.23
2753,2519,2509.28,2998.0,2518.23
2757,2520,2510.26,2998.0,2518.23
2765,2521,2540.2,2998.0,2540.2
2766,2523,2590.09,2998.0,2590.09
2769,2524,2587.09,2998.0,2590.09
2772,2525,2582.09,2998.0,2590.09
2774,2526,2578.09,2998.0,2590.09
2777,2527,2582.08,2998.0,2590.09
2780,2528,2582.08,2998.0,2590.09
2781,2529,2577.12,2998.0,2590.09
2783,2530,2577.15,2998.0,2590.09
2791,2531,2576.15,2998.0,2590.09
2792,2532,2573.2,2998.0,2590.09
2793,2533,2568.22,2998.0,2590.09
2799,2534,2563.22,2998.0,2590.09
2800,2535,2568.24,2998.0,2590.09
2804,2536,2598.18,2998.0,2598.18
2808,2537,2623.12,2998.0,2623.12
2811,2538,2648.06,2998.0,2648.06
2813,2539,2678.0,2998.0,2678.0
2815,2541,2675.96,2998.0,2678.0
2816,2542,2676.0,2998.0,2678.0
2817,2543,2676.02,2998.0,2678.0
2818,2544,2675.05,2998.0,2678.0
2819,2545,2675.05,2998.0,2678.0
2821,2546,2676.05,2998.0,2678.0
2822,2548,2676.05,2998.0,2678.0
2831,2549,2671.05,2998.0,2678.0
2833,2550,2675.04,2998.0,2678.0
2847,2551,2671.03,2998.0,2678.0
2853,2553,2670.98,2998.0,2678.0
2860,2555,2670.97,2998.0,2678.0
2861,2556,2670.97,2998.0,2678.0
2863,2557,2666.97,2998.0,2678.0
2864,2558,2662.96,2998.0,2678.0
2868,2559,2662.96,2998.0,2678.0
2874,2561,2692.96,2998.0,2692.96
2875,2562,2688.94,2998.0,2692.96
2891,2563,2689.92,2998.0,2692.96
2893,2564,2694.92,2998.0,2694.92
2897,2565,2698.9,2998.0,2698.9
2901,2566,2727.84,2998.0,2727.84
2903,2567,2727.82,2998.0,2727.84
2906,2568,2728.83,2998.0,2728.83
2908,2569,2757.77,2998.0,2757.77
2922,2570,2757.77,2998.0,2757.77
2928,2571,2757.77,2998.0,2757.77
2931,2572,2756.77,2998.0,2757.77
2932,2574,2751.75,2998.0,2757.77
2933,2575,2750.75,2998.0,2757.77
2936,2576,2733.75,2998.0,2757.77
2941,2577,2734.75,2998.0,2757.77
2946,2578,2738.73,2998.0,2757.77
2947,2579,2742.68,2998.0,2757.77
2950,2580,2737.68,2998.0,2757.77
2952,2581,2737.68,2998.0,2757.77
2953,2582,2737.66,2998.0,2757.77
2956,2583,2741.67,2998.0,2757.77
2957,2584,2745.7,2998.0,2757.77
2962,2585,2741.72,2998.0,2757.77
2966,2586,2746.72,2998.0,2757.77
2968,2587,2742.76,2998.0,2757.77
2970,2588,2746.76,2998.0,2757.77
2974,2590,2754.82,2998.0,2757.77
2982,2591,2737.8,2998.0,2757.77
2984,2592,2715.8,2998.0,2757.77
2986,2593,2715.8,2998.0,2757.77
2987,2594,2693.8,2998.0,2757.77
2989,2595,2693.8,2998.0,2757.77
2991,2596,2698.8,2998.0,2757.77
2994,2597,2698.8,2998.0,2757.77
2996,2598,2694.8,2998.0,2757.77
3000,2599,2673.78,2998.0,2757.77
3001,2601,2651.74,2998.0,2757.77
3004,2602,2625.74,2998.0,2757.77
3012,2603,2604.74,2998.0,2757.77
3014,2604,2604.78,2998.0,2757.77
3021,2605,2600.79,2998.0,2757.77
3022,2607,2604.76,2998.0,2757.77
3028,2608,2603.76,2998.0,2757.77
3032,2609,2603.78,2998.0,2757.77
3039,2610,2607.81,2998.0,2757.77
3044,2611,2581.81,2998.0,2757.77
3045,2612,2564.82,2998.0,2757.77
3047,2614,2538.84,2998.0,2757.77
3054,2615,2543.82,2998.0,2757.77
3056,2616,2547.82,2998.0,2757.77
3060,2617,2547.79,2998.0,2757.77
3065,2620,2552.81,2998.0,2757.77
3069,2621,2551.81,2998.0,2757.77
3074,2623,2561.81,2998.0,2757.77
3081,2624,2560.81,2998.0,2757.77
3095,2625,2564.84,2998.0,2757.77
3100,2626,2563.84,2998.0,2757.77
3102,2627,2564.82,2998.0,2757.77
3103,2629,2546.78,2998.0,2757.77
3106,2630,2546.78,2998.0,2757.77
3107,2632,2549.73,2998.0,2757.77
3110,2634,2553.72,2998.0,2757.77
3113,2635,2553.7,2998.0,2757.77
3115,2636,2532.7,2998.0,2757.77
3120,2637,2536.72,2998.0,2757.77
3126,2638,2536.72,2998.0,2757.77
3138,2639,2535.76,2998.0,2757.77
3139,2640,2535.78,2998.0,2757.77
3150,2642,2531.78,2998.0,2757.77
3151,2643,2531.79,2998.0,2757.77
3152,2644,2532.79,2998.0,2757.77
3154,2645,2531.82,2998.0,2757.77
3161,2646,2530.85,2998.0,2757.77
3162,2647,2531.85,2998.0,2757.77
3163,2649,2539.86,2998.0,2757.77
3168,2650,2539.84,2998.0,2757.77
3174,2652,2539.84,2998.0,2757.77
3175,2654,2539.84,2998.0,2757.77
3176,2655,2543.88,2998.0,2757.77
3180,2656,2544.88,2998.0,2757.77
3188,2657,2547.88,2998.0,2757.77
3194,2658,2551.89,2998.0,2757.77
3203,2659,2551.89,2998.0,2757.77
3221,2660,2551.87,2998.0,2757.77
3222,2661,2556.85,2998.0,2757.77
3225,2662,2560.85,2998.0,2757.77
3232,2663,2559.85,2998.0,2757.77
3233,2664,2559.85,2998.0,2757.77
3234,2665,2560.85,2998.0,2757.77
3247,2667,2560.91,2998.0,2757.77
3249,2668,2559.87,2998.0,2757.77
3254,2669,2559.89,2998.0,2757.77
3259,2672,2560.89,2998.0,2757.77
3271,2673,2561.89,2998.0,2757.77
3276,2674,2565.89,2998.0,2757.77
3285,2675,2561.89,2998.0,2757.77
3289,2676,2582.91,2998.0,2757.77
3291,2677,2582.93,2998.0,2757.77
3293,2678,2582.95,2998.0,2757.77
3295,2679,2581.98,2998.0,2757.77
3299,2680,2587.0,2998.0,2757.77
3304,2681,2587.0,2998.0,2757.77
3308,2682,2588.05,2998.0,2757.77
3309,2683,2589.04,2998.0,2757.77
3312,2684,2589.02,2998.0,2757.77
3313,2685,2594.0,2998.0,2757.77
3314,2686,2594.0,2998.0,2757.77
3315,2688,2576.96,2998.0,2757.77
3317,2689,2576.96,2998.0,2757.77
3320,2690,2577.93,2998.0,2757.77
3324,2691,2594.96,2998.0,2757.77
3332,2693,2619.94,2998.0,2757.77
3338,2694,2641.96,2998.0,2757.77
3340,2695,2645.94,2998.0,2757.77
3346,2696,2640.96,2998.0,2757.77
3350,2697,2645.96,2998.0,2757.77
3352,2698,2649.96,2998.0,2757.77
3354,2699,2671.0,2998.0,2757.77
3359,2700,2671.04,2998.0,2757.77
3369,2701,2693.04,2998.0,2757.77
3370,2703,2744.04,2998.0,2757.77
3371,2704,2744.0,2998.0,2757.77
3372,2707,2748.98,2998.0,2757.77
3374,2708,2752.98,2998.0,2757.77
3375,2709,2751.96,2998.0,2757.77
3379,2710,2752.96,2998.0,2757.77
3384,2711,2773.96,2998.0,2773.96
3385,2714,2815.96,2998.0,2815.96
3386,2715,2810.98,2998.0,2815.96
3388,2716,2811.98,2998.0,2815.96
3389,2717,2806.98,2998.0,2815.96
3391,2718,2802.02,2998.0,2815.96
3392,2719,2801.02,2998.0,2815.96
3393,2720,2796.06,2998.0,2815.96
3394,2721,2797.08,2998.0,2815.96
3395,2722,2796.1,2998.0,2815.96
3396,2723,2791.13,2998.0,2815.96
3401,2724,2791.17,2998.0,2815.96
3404,2725,2792.14,2998.0,2815.96
3413,2726,2796.14,2998.0,2815.96
3415,2728,2812.16,2998.0,2815.96
3419,2729,2813.2,2998.0,2815.96
3421,2731,2813.17,2998.0,2815.96
3423,2732,2814.17,2998.0,2815.96
3424,2733,2815.16,2998.0,2815.96
3426,2734,2819.2,2998.0,2819.2
3436,2735,2818.22,2998.0,2819.2
3439,2736,2839.22,2998.0,2839.22
3446,2737,2835.2,2998.0,2839.22
3451,2738,2835.2,2998.0,2839.22
3459,2739,2831.18,2998.0,2839.22
3462,2740,2831.16,2998.0,2839.22
3463,2741,2830.16,2998.0,2839.22
3472,2743,2834.09,2998.0,2839.22
3474,2744,2829.08,2998.0,2839.22
3477,2745,2830.05,2998.0,2839.22
3478,2746,2826.02,2998.0,2839.22
3479,2747,2821.06,2998.0,2839.22
3480,2748,2822.05,2998.0,2839.22
3490,2749,2822.07,2998.0,2839.22
3496,2750,2822.07,2998.0,2839.22
3499,2751,2822.07,2998.0,2839.22
3500,2752,2827.07,2998.0,2839.22
3505,2753,2826.07,2998.0,2839.22
3506,2755,2811.03,2998.0,2839.22
3507,2756,2810.03,2998.0,2839.22
3511,2758,2811.02,2998.0,2839.22
3518,2759,2806.02,2998.0,2839.22
3519,2760,2801.02,2998.0,2839.22
3520,2761,2796.01,2998.0,2839.22
3521,2762,2792.01,2998.0,2839.22
3524,2763,2793.01,2998.0,2839.22
3526,2764,2792.01,2998.0,2839.22
3532,2765,2791.01,2998.0,2839.22
3539,2766,2791.02,2998.0,2839.22
3551,2767,2786.98,2998.0,2839.22
3552,2768,2782.98,2998.0,2839.22
3560,2769,2783.96,2998.0,2839.22
3561,2770,2779.0,2998.0,2839.22
3562,2772,2779.02,2998.0,2839.22
3565,2773,2779.02,2998.0,2839.22
3566,2775,2784.02,2998.0,2839.22
3568,2776,2785.0,2998.0,2839.22
3570,2777,2784.98,2998.0,2839.22
3573,2778,2784.98,2998.0,2839.22
3575,2779,2755.95,2998.0,2839.22
3576,2780,2755.93,2998.0,2839.22
3581,2781,2750.93,2998.0,2839.22
3585,2782,2753.9,2998.0,2839.22
3596,2784,2753.92,2998.0,2839.22
3597,2785,2752.94,2998.0,2839.22
3598,2786,2752.96,2998.0,2839.22
3599,2787,2752.0,2998.0,2839.22
3600,2788,2773.04,2998.0,2839.22
3601,2789,2773.01,2998.0,2839.22
3609,2790,2772.01,2998.0,2839.22
3611,2792,2776.96,2998.0,2839.22
3616,2794,2767.94,2998.0,2839.22
3617,2795,2763.94,2998.0,2839.22
3618,2796,2763.92,2998.0,2839.22
3622,2797,2763.92,2998.0,2839.22
3624,2798,2764.92,2998.0,2839.22
3630,2799,2768.88,2998.0,2839.22
3632,2801,2771.84,2998.0,2839.22
3633,2802,2771.84,2998.0,2839.22
3639,2803,2770.84,2998.0,2839.22
3641,2804,2770.87,2998.0,2839.22
3645,2805,2771.89,2998.0,2839.22
3652,2806,2770.87,2998.0,2839.22
3655,2808,2748.92,2998.0,2839.22
3659,2809,2748.92,2998.0,2839.22
3664,2810,2748.89,2998.0,2839.22
3665,2811,2752.89,2998.0,2839.22
3674,2812,2747.91,2998.0,2839.22
3678,2813,2751.93,2998.0,2839.22
3685,2814,2747.9,2998.0,2839.22
3688,2815,2752.9,2998.0,2839.22
3697,2816,2752.9,2998.0,2839.22
3698,2817,2757.9,2998.0,2839.22
3700,2819,2762.84,2998.0,2839.22
3701,2820,2766.8,2998.0,2839.22
3705,2822,2766.76,2998.0,2839.22
3709,2823,2770.73,2998.0,2839.22
3725,2824,2775.69,2998.0,2839.22
3732,2825,2749.69,2998.0,2839.22
3733,2826,2724.69,2998.0,2839.22
3734,2829,2703.65,2998.0,2839.22
3743,2830,2698.68,2998.0,2839.22
3745,2831,2699.68,2998.0,2839.22
3746,2832,2699.68,2998.0,2839.22
3747,2834,2695.64,2998.0,2839.22
3748,2836,2686.62,2998.0,2839.22
3749,2837,2691.64,2998.0,2839.22
3751,2838,2696.64,2998.0,2839.22
3752,2840,2671.62,2998.0,2839.22
3755,2841,2671.65,2998.0,2839.22
3756,2842,2671.67,2998.0,2839.22
3759,2843,2670.67,2998.0,2839.22
3771,2844,2674.67,2998.0,2839.22
3772,2846,2679.67,2998.0,2839.22
3773,2847,2684.63,2998.0,2839.22
3775,2848,2679.66,2998.0,2839.22
3776,2850,2681.64,2998.0,2839.22
3781,2851,2680.67,2998.0,2839.22
3782,2852,2679.71,2998.0,2839.22
3786,2853,2679.74,2998.0,2839.22
3791,2854,2674.74,2998.0,2839.22
3792,2855,2695.74,2998.0,2839.22
3793,2856,2691.74,2998.0,2839.22
3796,2857,2686.78,2998.0,2839.22
3800,2858,2687.76,2998.0,2839.22
3802,2860,2675.8,2998.0,2839.22
3804,2862,2685.79,2998.0,2839.22
3813,2864,2686.79,2998.0,2839.22
3815,2865,2687.79,2998.0,2839.22
3822,2866,2683.76,2998.0,2839.22
3824,2867,2688.76,2998.0,2839.22
3827,2868,2688.76,2998.0,2839.22
3837,2869,2688.79,2998.0,2839.22
3841,2870,2688.77,2998.0,2839.22
3845,2871,2688.75,2998.0,2839.22
3846,2872,2687.78,2998.0,2839.22
3855,2873,2686.8,2998.0,2839.22
3866,2876,2677.8,2998.0,2839.22
3868,2877,2672.8,2998.0,2839.22
3870,2878,2673.78,2998.0,2839.22
3884,2879,2698.82,2998.0,2839.22
3885,2880,2677.82,2998.0,2839.22
3888,2882,2683.83,2998.0,2839.22
3889,2883,2684.8,2998.0,2839.22
3892,2884,2684.8,2998.0,2839.22
3896,2885,2685.78,2998.0,2839.22
3902,2886,2684.79,2998.0,2839.22
3904,2887,2685.75,2998.0,2839.22
3911,2888,2681.71,2998.0,2839.22
3921,2889,2677.71,2998.0,2839.22
3922,2890,2678.71,2998.0,2839.22
3927,2891,2678.71,2998.0,2839.22
3930,2892,2679.71,2998.0,2839.22
3931,2893,2683.75,2998.0,2839.22
3932,2894,2688.75,2998.0,2839.22
3936,2895,2692.77,2998.0,2839.22
3944,2896,2675.8,2998.0,2839.22
3945,2897,2674.82,2998.0,2839.22
3959,2898,2674.82,2998.0,2839.22
3966,2900,2676.82,2998.0,2839.22
3970,2901,2677.82,2998.0,2839.22
3974,2902,2673.82,2998.0,2839.22
3976,2903,2674.82,2998.0,2839.22
3977,2904,2670.79,2998.0,2839.22
3985,2905,2669.77,2998.0,2839.22
3986,2906,2665.77,2998.0,2839.22
3990,2907,2665.74,2998.0,2839.22
3997,2909,2678.72,2998.0,2839.22
4003,2910,2678.72,2998.0,2839.22
4006,2911,2678.75,2998.0,2839.22
4012,2912,2683.73,2998.0,2839.22
4014,2913,2684.71,2998.0,2839.22
4026,2914,2688.71,2998.0,2839.22
4028,2915,2683.72,2998.0,2839.22
4030,2916,2683.74,2998.0,2839.22
4034,2917,2657.74,2998.0,2839.22
4036,2918,2657.74,2998.0,2839.22
4040,2919,2656.77,2998.0,2839.22
4041,2920,2657.77,2998.0,2839.22
4044,2921,2656.77,2998.0,2839.22
4045,2922,2657.77,2998.0,2839.22
4047,2923,2657.77,2998.0,2839.22
4050,2924,2657.77,2998.0,2839.22
4051,2925,2678.77,2998.0,2839.22
4052,2926,2703.79,2998.0,2839.22
4059,2927,2728.79,2998.0,2839.22
4080,2928,2723.82,2998.0,2839.22
4082,2929,2719.8,2998.0,2839.22
4084,2930,2724.77,2998.0,2839.22
4086,2932,2719.77,2998.0,2839.22
4088,2933,2724.77,2998.0,2839.22
4089,2934,2723.79,2998.0,2839.22
4093,2935,2727.79,2998.0,2839.22
4095,2936,2731.83,2998.0,2839.22
4102,2937,2726.81,2998.0,2839.22
4104,2938,2721.81,2998.0,2839.22
4105,2939,2721.81,2998.0,2839.22
4107,2940,2746.81,2998.0,2839.22
4113,2942,2747.78,2998.0,2839.22
4120,2943,2748.78,2998.0,2839.22
4124,2944,2727.76,2998.0,2839.22
4127,2946,2726.76,2998.0,2839.22
4128,2947,2725.76,2998.0,2839.22
4132,2948,2729.73,2998.0,2839.22
4136,2949,2728.77,2998.0,2839.22
4139,2950,2728.77,2998.0,2839.22
4148,2951,2729.74,2998.0,2839.22
4151,2952,2725.73,2998.0,2839.22
4155,2953,2725.73,2998.0,2839.22
4159,2954,2729.73,2998.0,2839.22
4161,2956,2724.75,2998.0,2839.22
4163,2957,2728.71,2998.0,2839.22
4166,2959,2748.78,2998.0,2839.22
4169,2961,2748.77,2998.0,2839.22
4172,2962,2748.8,2998.0,2839.22
4173,2963,2743.81,2998.0,2839.22
4183,2964,2742.81,2998.0,2839.22
4191,2965,2742.81,2998.0,2839.22
4194,2966,2747.81,2998.0,2839.22
4196,2967,2747.81,2998.0,2839.22
4201,2969,2750.78,2998.0,2839.22
4204,2970,2750.76,2998.0,2839.22
4205,2971,2751.78,2998.0,2839.22
4206,2972,2747.75,2998.0,2839.22
4215,2973,2744.73,2998.0,2839.22
4216,2974,2749.73,2998.0,2839.22
4217,2975,2753.76,2998.0,2839.22
4225,2976,2752.76,2998.0,2839.22
4227,2977,2756.78,2998.0,2839.22
4228,2978,2756.78,2998.0,2839.22
4229,2979,2761.74,2998.0,2839.22
4244,2981,2782.76,2998.0,2839.22
4249,2982,2777.76,2998.0,2839.22
4253,2983,2776.79,2998.0,2839.22
4258,2984,2771.79,2998.0,2839.22
4260,2986,2771.79,2998.0,2839.22
4261,2987,2770.82,2998.0,2839.22
4263,2988,2775.82,2998.0,2839.22
4268,2989,2778.82,2998.0,2839.22
4270,2991,2772.82,2998.0,2839.22
4276,2992,2771.82,2998.0,2839.22
4280,2993,2771.81,2998.0,2839.22
4285,2994,2771.81,2998.0,2839.22
4288,2995,2771.83,2998.0,2839.22
4291,2996,2792.8,2998.0,2839.22
4292,2997,2792.78,2998.0,2839.22
4298,2998,2791.78,2998.0,2839.22
4301,3000,2790.83,2998.0,2839.22
4302,3001,2768.83,2998.0,2839.22
4305,3002,2772.83,2998.0,2839.22
4309,3003,2772.83,2998.0,2839.22
4313,3004,2776.85,2998.0,2839.22
4314,3005,2777.85,2998.0,2839.22
4335,3006,2782.85,2998.0,2839.22
4344,3007,2783.88,2998.0,2839.22
4349,3009,2788.88,2998.0,2839.22
4351,3011,2788.89,2998.0,2839.22
4352,3012,2787.89,2998.0,2839.22
4355,3013,2786.93,2998.0,2839.22
4358,3014,2787.93,2998.0,2839.22
4362,3015,2791.93,2998.0,2839.22
4364,3016,2790.91,2998.0,2839.22
4370,3017,2815.91,2998.0,2839.22
4377,3018,2815.95,2998.0,2839.22
4378,3019,2815.95,2998.0,2839.22
4380,3020,2815.97,2998.0,2839.22
4381,3021,2816.99,2998.0,2839.22
4382,3022,2816.01,2998.0,2839.22
4392,3024,2811.04,2998.0,2839.22
4395,3025,2815.04,2998.0,2839.22
4397,3026,2816.05,2998.0,2839.22
4399,3028,2821.06,2998.0,2839.22
4405,3029,2825.08,2998.0,2839.22
4411,3030,2824.1,2998.0,2839.22
4413,3031,2825.14,2998.0,2839.22
4427,3034,2820.15,2998.0,2839.22
4428,3035,2821.15,2998.0,2839.22
4437,3036,2822.14,2998.0,2839.22
4440,3037,2827.14,2998.0,2839.22
4441,3038,2831.16,2998.0,2839.22
4442,3039,2836.16,2998.0,2839.22
4445,3040,2836.16,2998.0,2839.22
4446,3042,2832.19,2998.0,2839.22
4450,3043,2831.19,2998.0,2839.22
4454,3044,2852.19,2998.0,2852.19
4458,3045,2852.19,2998.0,2852.19
4460,3046,2851.21,2998.0,2852.19
4465,3047,2847.21,2998.0,2852.19
4466,3048,2847.24,2998.0,2852.19
4467,3049,2847.2,2998.0,2852.19
4473,3050,2846.2,2998.0,2852.19
4475,3051,2845.2,2998.0,2852.19
4478,3052,2828.2,2998.0,2852.19
4480,3053,2824.17,2998.0,2852.19
4481,3054,2824.17,2998.0,2852.19
4486,3056,2833.19,2998.0,2852.19
4495,3057,2833.19,2998.0,2852.19
4502,3058,2829.15,2998.0,2852.19
4503,3059,2824.12,2998.0,2852.19
4504,3060,2825.12,2998.0,2852.19
4506,3061,2820.13,2998.0,2852.19
4510,3062,2815.1,2998.0,2852.19
4511,3064,2816.09,2998.0,2852.19
4512,3065,2816.09,2998.0,2852.19
4515,3067,2816.14,2998.0,2852.19
4518,3068,2812.14,2998.0,2852.19
4528,3070,2818.16,2998.0,2852.19
4531,3071,2817.16,2998.0,2852.19
4536,3072,2821.16,2998.0,2852.19
4537,3073,2824.18,2998.0,2852.19
4539,3074,2819.18,2998.0,2852.19
4541,3075,2815.15,2998.0,2852.19
4549,3076,2816.15,2998.0,2852.19
4556,3077,2816.17,2998.0,2852.19
4558,3078,2786.17,2998.0,2852.19
4567,3079,2785.21,2998.0,2852.19
4577,3080,2785.18,2998.0,2852.19
4578,3081,2784.16,2998.0,2852.19
4585,3082,2789.16,2998.0,2852.19
4594,3083,2790.13,2998.0,2852.19
4596,3084,2795.15,2998.0,2852.19
4600,3085,2791.12,2998.0,2852.19
4602,3086,2786.12,2998.0,2852.19
4608,3088,2777.11,2998.0,2852.19
4614,3090,2774.11,2998.0,2852.19
4615,3091,2774.11,2998.0,2852.19
4616,3094,2775.08,2998.0,2852.19
4619,3095,2776.06,2998.0,2852.19
4621,3096,2772.06,2998.0,2852.19
4647,3097,2772.08,2998.0,2852.19
4648,3098,2773.11,2998.0,2852.19
4649,3099,2774.11,2998.0,2852.19
4656,3101,2765.09,2998.0,2852.19
4665,3102,2766.11,2998.0,2852.19
4668,3103,2761.11,2998.0,2852.19
4669,3104,2761.12,2998.0,2852.19
4677,3105,2760.14,2998.0,2852.19
4683,3106,2760.16,2998.0,2852.19
4684,3107,2759.13,2998.0,2852.19
4703,3108,2764.13,2998.0,2852.19
4705,3109,2764.13,2998.0,2852.19
4706,3111,2765.09,2998.0,2852.19
4707,3112,2761.09,2998.0,2852.19
4708,3115,2763.02,2998.0,2852.19
4709,3116,2763.02,2998.0,2852.19
4711,3117,2763.02,2998.0,2852.19
4712,3118,2763.02,2998.0,2852.19
4719,3119,2763.99,2998.0,2852.19
4721,3120,2733.97,2998.0,2852.19
4726,3121,2732.99,2998.0,2852.19
4733,3122,2732.97,2998.0,2852.19
4734,3123,2707.97,2998.0,2852.19
4738,3124,2678.94,2998.0,2852.19
4739,3125,2679.94,2998.0,2852.19
4747,3127,2669.93,2998.0,2852.19
4748,3128,2670.89,2998.0,2852.19
4751,3129,2671.89,2998.0,2852.19
4757,3130,2672.89,2998.0,2852.19
4770,3131,2646.85,2998.0,2852.19
4781,3132,2647.82,2998.0,2852.19
4782,3133,2647.82,2998.0,2852.19
4784,3134,2651.84,2998.0,2852.19
4787,3135,2646.87,2998.0,2852.19
4790,3136,2645.84,2998.0,2852.19
4799,3137,2644.84,2998.0,2852.19
4808,3138,2640.84,2998.0,2852.19
4811,3139,2640.88,2998.0,2852.19
4812,3140,2641.88,2998.0,2852.19
4814,3141,2641.86,2998.0,2852.19
4815,3142,2616.83,2998.0,2852.19
4817,3143,2587.83,2998.0,2852.19
4821,3144,2588.83,2998.0,2852.19
4822,3146,2589.83,2998.0,2852.19
4827,3147,2594.83,2998.0,2852.19
4830,3148,2595.8,2998.0,2852.19
4831,3149,2591.8,2998.0,2852.19
4838,3150,2562.8,2998.0,2852.19
4839,3152,2584.77,2998.0,2852.19
4851,3153,2584.77,2998.0,2852.19
4854,3155,2584.75,2998.0,2852.19
4857,3156,2584.73,2998.0,2852.19
4859,3157,2585.73,2998.0,2852.19
4864,3158,2589.76,2998.0,2852.19
4865,3159,2594.76,2998.0,2852.19
4868,3160,2589.8,2998.0,2852.19
4869,3161,2593.8,2998.0,2852.19
4871,3162,2593.8,2998.0,2852.19
4872,3163,2588.8,2998.0,2852.19
4874,3166,2592.8,2998.0,2852.19
4876,3167,2591.82,2998.0,2852.19
4877,3168,2595.82,2998.0,2852.19
4879,3169,2595.8,2998.0,2852.19
4880,3170,2595.8,2998.0,2852.19
4884,3171,2595.82,2998.0,2852.19
4887,3172,2595.86,2998.0,2852.19
4889,3173,2596.87,2998.0,2852.19
4894,3174,2600.91,2998.0,2852.19
4898,3175,2575.91,2998.0,2852.19
4904,3177,2545.87,2998.0,2852.19
4905,3180,2545.85,2998.0,2852.19
4908,3181,2541.88,2998.0,2852.19
4909,3183,2536.91,2998.0,2852.19
4929,3185,2536.93,2998.0,2852.19
4930,3186,2540.93,2998.0,2852.19
4931,3187,2515.91,2998.0,2852.19
4932,3188,2520.91,2998.0,2852.19
4933,3189,2524.91,2998.0,2852.19
4940,3191,2529.91,2998.0,2852.19
4942,3192,2529.91,2998.0,2852.19
4945,3193,2528.91,2998.0,2852.19
4947,3195,2524.94,2998.0,2852.19
4950,3197,2495.96,2998.0,2852.19
4954,3198,2490.96,2998.0,2852.19
4967,3199,2460.93,2998.0,2852.19
4970,3200,2435.93,2998.0,2852.19
4972,3202,2439.94,2998.0,2852.19
4977,3203,2444.97,2998.0,2852.19
4982,3204,2440.97,2998.0,2852.19
4985,3205,2440.98,2998.0,2852.19
4987,3206,2440.98,2998.0,2852.19
4990,3207,2411.98,2998.0,2852.19
4992,3208,2411.98,2998.0,2852.19
4993,3212,2410.98,2998.0,2852.19
4996,3213,2411.02,2998.0,2852.19
4997,3214,2381.02,2998.0,2852.19
5004,3215,2359.02,2998.0,2852.19
5007,3216,2330.02,2998.0,2852.19
5009,3217,2331.03,2998.0,2852.19
5011,3218,2331.99,2998.0,2852.19
5014,3219,2301.99,2998.0,2852.19
5023,3220,2331.99,2998.0,2852.19
5025,3221,2331.99,2998.0,2852.19
5027,3223,2361.99,2998.0,2852.19
5028,3224,2361.99,2998.0,2852.19
5029,3225,2361.99,2998.0,2852.19
5032,3226,2366.97,2998.0,2852.19
5034,3227,2345.97,2998.0,2852.19
5035,3228,2319.97,2998.0,2852.19
5037,3229,2293.95,2998.0,2852.19
5041,3230,2293.93,2998.0,2852.19
5043,3232,2301.93,2998.0,2852.19
5049,3233,2301.95,2998.0,2852.19
5051,3235,2285.92,2998.0,2852.19
5054,3236,2264.92,2998.0,2852.19
5057,3238,2218.9,2998.0,2852.19
5061,3239,2192.86,2998.0,2852.19
5063,3240,2192.86,2998.0,2852.19
5066,3241,2192.89,2998.0,2852.19
5069,3243,2251.92,2998.0,2852.19
5070,3244,2229.92,2998.0,2852.19
5072,3245,2229.95,2998.0,2852.19
5080,3246,2228.95,2998.0,2852.19
5081,3247,2228.95,2998.0,2852.19
5083,3248,2206.95,2998.0,2852.19
5090,3249,2189.95,2998.0,2852.19
5096,3250,2218.95,2998.0,2852.19
5115,3252,2218.95,2998.0,2852.19
5119,3253,2222.95,2998.0,2852.19
5125,3254,2222.97,2998.0,2852.19
5126,3255,2223.97,2998.0,2852.19
5127,3256,2218.97,2998.0,2852.19
5130,3257,2213.99,2998.0,2852.19
5131,3258,2214.96,2998.0,2852.19
5134,3259,2214.98,2998.0,2852.19
5136,3260,2219.94,2998.0,2852.19
5138,3261,2198.9,2998.0,2852.19
5143,3263,2203.93,2998.0,2852.19
5159,3264,2203.92,2998.0,2852.19
5166,3265,2203.92,2998.0,2852.19
5167,3266,2203.92,2998.0,2852.19
5170,3267,2178.88,2998.0,2852.19
5174,3268,2178.9,2998.0,2852.19
5178,3269,2177.92,2998.0,2852.19
5189,3270,2177.92,2998.0,2852.19
5190,3271,2178.88,2998.0,2852.19
5196,3272,2179.84,2998.0,2852.19
5208,3273,2157.81,2998.0,2852.19
5214,3274,2158.77,2998.0,2852.19
5221,3275,2188.8,2998.0,2852.19
5223,3276,2184.83,2998.0,2852.19
5228,3279,2215.83,2998.0,2852.19
5229,3281,2250.8,2998.0,2852.19
5230,3284,2255.77,2998.0,2852.19
5231,3286,2261.73,2998.0,2852.19
5233,3287,2291.73,2998.0,2852.19
5234,3289,2287.73,2998.0,2852.19
5238,3290,2282.73,2998.0,2852.19
5239,3291,2282.73,2998.0,2852.19
5241,3293,2278.75,2998.0,2852.19
5242,3294,2278.74,2998.0,2852.19
5245,3296,2283.66,2998.0,2852.19
5246,3297,2308.66,2998.0,2852.19
5247,3298,2313.64,2998.0,2852.19
5257,3299,2343.64,2998.0,2852.19
5259,3300,2368.67,2998.0,2852.19
5261,3302,2393.67,2998.0,2852.19
5263,3303,2393.64,2998.0,2852.19
5269,3305,2399.58,2998.0,2852.19
5274,3306,2399.56,2998.0,2852.19
5279,3307,2428.56,2998.0,2852.19
5286,3308,2428.56,2998.0,2852.19
5291,3309,2427.58,2998.0,2852.19
5294,3310,2428.58,2998.0,2852.19
5295,3311,2433.58,2998.0,2852.19
5296,3313,2432.57,2998.0,2852.19
5297,3314,2462.57,2998.0,2852.19
5299,3315,2484.6,2998.0,2852.19
5304,3317,2484.59,2998.0,2852.19
5310,3319,2513.63,2998.0,2852.19
5314,3320,2508.63,2998.0,2852.19
5315,3321,2504.59,2998.0,2852.19
5316,3322,2500.59,2998.0,2852.19
5317,3323,2495.59,2998.0,2852.19
5322,3325,2496.59,2998.0,2852.19
5328,3326,2496.59,2998.0,2852.19
5331,3327,2522.59,2998.0,2852.19
5333,3328,2548.59,2998.0,2852.19
5337,3331,2563.63,2998.0,2852.19
5346,3332,2580.63,2998.0,2852.19
5350,3333,2575.61,2998.0,2852.19
5356,3334,2570.59,2998.0,2852.19
5360,3335,2587.59,2998.0,2852.19
5365,3336,2609.59,2998.0,2852.19
5374,3337,2634.59,2998.0,2852.19
5393,3338,2656.59,2998.0,2852.19
5396,3339,2681.59,2998.0,2852.19
5398,3340,2681.59,2998.0,2852.19
5403,3341,2661.56,2998.0,2852.19
5406,3342,2661.56,2998.0,2852.19
5410,3343,2662.53,2998.0,2852.19
5415,3344,2679.53,2998.0,2852.19
5416,3345,2680.5,2998.0,2852.19
5421,3346,2680.48,2998.0,2852.19
5429,3347,2679.48,2998.0,2852.19
5433,3348,2701.48,2998.0,2852.19
5436,3349,2722.48,2998.0,2852.19
5437,3350,2693.53,2998.0,2852.19
5438,3351,2689.53,2998.0,2852.19
5446,3352,2689.53,2998.0,2852.19
5449,3353,2690.54,2998.0,2852.19
5461,3354,2670.52,2998.0,2852.19
5464,3355,2665.56,2998.0,2852.19
5468,3356,2669.56,2998.0,2852.19
5475,3357,2669.54,2998.0,2852.19
5480,3358,2669.54,2998.0,2852.19
5489,3359,2669.53,2998.0,2852.19
5492,3360,2669.53,2998.0,2852.19
5493,3362,2689.53,2998.0,2852.19
5494,3363,2694.5,2998.0,2852.19
5498,3364,2695.48,2998.0,2852.19
5502,3365,2695.48,2998.0,2852.19
5514,3366,2695.48,2998.0,2852.19
5526,3367,2721.48,2998.0,2852.19
5527,3368,2717.46,2998.0,2852.19
5528,3369,2688.5,2998.0,2852.19
5533,3371,2658.56,2998.0,2852.19
5542,3372,2657.56,2998.0,2852.19
5549,3373,2679.56,2998.0,2852.19
5557,3374,2678.56,2998.0,2852.19
5560,3375,2677.53,2998.0,2852.19
5563,3377,2622.57,2998.0,2852.19
5565,3379,2588.58,2998.0,2852.19
5569,3380,2588.58,2998.0,2852.19
5570,3381,2562.58,2998.0,2852.19
5580,3382,2532.62,2998.0,2852.19
5583,3383,2531.62,2998.0,2852.19
5584,3384,2527.62,2998.0,2852.19
5587,3385,2527.62,2998.0,2852.19
5589,3386,2497.67,2998.0,2852.19
5595,3387,2497.67,2998.0,2852.19
5598,3388,2497.67,2998.0,2852.19
5601,3390,2477.67,2998.0,2852.19
5602,3391,2476.67,2998.0,2852.19
5603,3392,2446.67,2998.0,2852.19
5604,3393,2451.67,2998.0,2852.19
5605,3394,2451.67,2998.0,2852.19
5608,3395,2451.67,2998.0,2852.19
5611,3396,2426.69,2998.0,2852.19
5612,3397,2401.75,2998.0,2852.19
5613,3398,2396.74,2998.0,2852.19
5621,3399,2391.77,2998.0,2852.19
5635,3402,2362.75,2998.0,2852.19
5636,3403,2362.75,2998.0,2852.19
5637,3404,2361.75,2998.0,2852.19
5639,3405,2361.75,2998.0,2852.19
5640,3406,2361.75,2998.0,2852.19
5641,3407,2332.79,2998.0,2852.19
5649,3408,2331.79,2998.0,2852.19
5655,3409,2327.77,2998.0,2852.19
5656,3410,2326.8,2998.0,2852.19
5665,3412,2326.8,2998.0,2852.19
5666,3414,2321.77,2998.0,2852.19
5674,3415,2321.74,2998.0,2852.19
5686,3416,2291.77,2998.0,2852.19
5689,3417,2321.77,2998.0,2852.19
5690,3419,2291.78,2998.0,2852.19
5691,3420,2296.78,2998.0,2852.19
5695,3421,2301.78,2998.0,2852.19
5701,3422,2306.78,2998.0,2852.19
5705,3423,2289.78,2998.0,2852.19
5707,3424,2314.78,2998.0,2852.19
5713,3425,2288.82,2998.0,2852.19
5721,3426,2258.88,2998.0,2852.19
5722,3427,2257.9,2998.0,2852.19
5726,3428,2227.95,2998.0,2852.19
5731,3429,2232.91,2998.0,2852.19
5733,3431,2216.91,2998.0,2852.19
5735,3432,2220.91,2998.0,2852.19
5747,3434,2230.91,2998.0,2852.19
5749,3435,2234.93,2998.0,2852.19
5750,3436,2234.93,2998.0,2852.19
5752,3437,2234.93,2998.0,2852.19
5755,3438,2229.93,2998.0,2852.19
5758,3439,2225.96,2998.0,2852.19
5771,3440,2225.0,2998.0,2852.19
5774,3443,2243.08,2998.0,2852.19
5788,3444,2247.1,2998.0,2852.19
5790,3445,2247.12,2998.0,2852.19
5799,3446,2247.12,2998.0,2852.19
5806,3447,2247.12,2998.0,2852.19
5808,3448,2246.15,2998.0,2852.19
5810,3449,2246.19,2998.0,2852.19
5818,3450,2276.14,2998.0,2852.19
5822,3451,2281.16,2998.0,2852.19
5831,3453,2276.18,2998.0,2852.19
5833,3457,2308.14,2998.0,2852.19
5834,3458,2308.14,2998.0,2852.19
5835,3459,2308.13,2998.0,2852.19
5836,3461,2308.13,2998.0,2852.19
5837,3462,2309.13,2998.0,2852.19
5838,3463,2309.13,2998.0,2852.19
5839,3467,2288.13,2998.0,2852.19
5842,3468,2293.13,2998.0,2852.19
5843,3469,2323.07,2998.0,2852.19
5844,3470,2348.04,2998.0,2852.19
5845,3471,2347.04,2998.0,2852.19
5850,3472,2348.06,2998.0,2852.19
5874,3473,2347.06,2998.0,2852.19
5875,3474,2348.06,2998.0,2852.19
5877,3477,2408.03,2998.0,2852.19
5878,3478,2412.03,2998.0,2852.19
5879,3479,2437.0,2998.0,2852.19
5881,3480,2437.0,2998.0,2852.19
5887,3481,2458.0,2998.0,2852.19
5897,3482,2486.99,2998.0,2852.19
5898,3483,2483.99,2998.0,2852.19
5900,3484,2487.99,2998.0,2852.19
5902,3485,2487.99,2998.0,2852.19
5904,3486,2517.94,2998.0,2852.19
5907,3487,2517.94,2998.0,2852.19
5908,3489,2546.98,2998.0,2852.19
5929,3491,2541.98,2998.0,2852.19
5932,3492,2567.96,2998.0,2852.19
5955,3493,2567.96,2998.0,2852.19
5962,3494,2562.96,2998.0,2852.19
5972,3496,2588.94,2998.0,2852.19
5973,3497,2594.88,2998.0,2852.19
5975,3498,2595.88,2998.0,2852.19
5980,3499,2599.85,2998.0,2852.19
5985,3500,2600.85,2998.0,2852.19
6001,3502,2625.81,2998.0,2852.19
6004,3503,2620.83,2998.0,2852.19
6009,3504,2616.86,2998.0,2852.19
6012,3505,2615.88,2998.0,2852.19
6013,3506,2615.9,2998.0,2852.19
6015,3507,2640.88,2998.0,2852.19
6017,3508,2641.88,2998.0,2852.19
6022,3510,2646.87,2998.0,2852.19
6023,3511,2641.87,2998.0,2852.19
6026,3512,2636.89,2998.0,2852.19
6043,3513,2641.91,2998.0,2852.19
6048,3514,2641.91,2998.0,2852.19
6050,3515,2640.93,2998.0,2852.19
6055,3516,2670.93,2998.0,2852.19
6057,3517,2670.93,2998.0,2852.19
6058,3518,2670.91,2998.0,2852.19
6059,3519,2700.88,2998.0,2852.19
6060,3520,2700.88,2998.0,2852.19
6065,3521,2699.88,2998.0,2852.19
6068,3522,2698.91,2998.0,2852.19
6069,3523,2694.91,2998.0,2852.19
6072,3524,2689.91,2998.0,2852.19
6073,3525,2714.9,2998.0,2852.19
6075,3526,2744.85,2998.0,2852.19
6076,3528,2774.82,2998.0,2852.19
6077,3529,2773.85,2998.0,2852.19
6085,3531,2794.91,2998.0,2852.19
6091,3532,2794.94,2998.0,2852.19
6095,3533,2794.94,2998.0,2852.19
6097,3535,2795.92,2998.0,2852.19
6098,3537,2800.94,2998.0,2852.19
6099,3538,2800.94,2998.0,2852.19
6110,3539,2804.95,2998.0,2852.19
6114,3540,2805.93,2998.0,2852.19
6119,3541,2806.91,2998.0,2852.19
6123,3542,2802.9,2998.0,2852.19
6148,3543,2802.87,2998.0,2852.19
6155,3544,2802.89,2998.0,2852.19
6159,3546,2803.87,2998.0,2852.19
6166,3547,2783.87,2998.0,2852.19
6174,3549,2775.82,2998.0,2852.19
6177,3550,2770.86,2998.0,2852.19
6179,3552,2770.85,2998.0,2852.19
6180,3553,2770.85,2998.0,2852.19
6181,3554,2769.85,2998.0,2852.19
6187,3556,2764.88,2998.0,2852.19
6196,3557,2759.92,2998.0,2852.19
6197,3558,2759.92,2998.0,2852.19
6201,3559,2733.92,2998.0,2852.19
6217,3560,2733.94,2998.0,2852.19
6218,3561,2734.97,2998.0,2852.19
6224,3562,2729.97,2998.0,2852.19
6231,3563,2729.01,2998.0,2852.19
6250,3565,2698.05,2998.0,2852.19
6256,3566,2719.07,2998.0,2852.19
6262,3567,2719.07,2998.0,2852.19
6264,3568,2719.07,2998.0,2852.19
6266,3574,2655.02,2998.0,2852.19
6270,3576,2656.02,2998.0,2852.19
6273,3577,2656.02,2998.0,2852.19
6274,3579,2660.06,2998.0,2852.19
6283,3581,2664.08,2998.0,2852.19
6286,3582,2665.05,2998.0,2852.19
6289,3583,2669.05,2998.0,2852.19
6291,3584,2669.05,2998.0,2852.19
6294,3585,2669.05,2998.0,2852.19
6295,3586,2664.09,2998.0,2852.19
6297,3588,2643.05,2998.0,2852.19
6298,3589,2622.05,2998.0,2852.19
6299,3590,2623.05,2998.0,2852.19
6300,3591,2607.05,2998.0,2852.19
6301,3592,2589.05,2998.0,2852.19
6303,3593,2589.05,2998.0,2852.19
6306,3594,2573.05,2998.0,2852.19
6307,3595,2577.05,2998.0,2852.19
6308,3597,2600.05,2998.0,2852.19
6309,3599,2584.07,2998.0,2852.19
6310,3600,2562.07,2998.0,2852.19
6311,3601,2562.07,2998.0,2852.19
6313,3602,2567.07,2998.0,2852.19
6314,3604,2576.06,2998.0,2852.19
6322,3605,2551.04,2998.0,2852.19
6328,3606,2551.02,2998.0,2852.19
6331,3609,2530.02,2998.0,2852.19
6334,3610,2509.0,2998.0,2852.19
6336,3612,2475.98,2998.0,2852.19
6338,3614,2476.0,2998.0,2852.19
6339,3616,2476.95,2998.0,2852.19
6343,3617,2455.95,2998.0,2852.19
6344,3618,2456.99,2998.0,2852.19
6346,3620,2451.05,2998.0,2852.19
6352,3622,2452.02,2998.0,2852.19
6382,3624,2461.06,2998.0,2852.19
6383,3625,2461.06,2998.0,2852.19
6384,3626,2439.07,2998.0,2852.19
6386,3627,2440.03,2998.0,2852.19
6389,3630,2418.99,2998.0,2852.19
6390,3631,2418.97,2998.0,2852.19
6391,3632,2398.94,2998.0,2852.19
6392,3634,2356.94,2998.0,2852.19
6393,3638,2272.92,2998.0,2852.19
6395,3639,2252.88,2998.0,2852.19
6417,3642,2246.93,2998.0,2852.19
6419,3643,2245.93,2998.0,2852.19
6421,3645,2203.89,2998.0,2852.19
6422,3647,2182.89,2998.0,2852.19
6423,3649,2171.87,2998.0,2852.19
6424,3650,2175.83,2998.0,2852.19
6426,3651,2158.83,2998.0,2852.19
6428,3652,2159.79,2998.0,2852.19
6430,3653,2158.79,2998.0,2852.19
6447,3654,2138.79,2998.0,2852.19
6460,3655,2121.79,2998.0,2852.19
6461,3656,2100.76,2998.0,2852.19
6470,3658,2100.74,2998.0,2852.19
6471,3660,2084.74,2998.0,2852.19
6475,3661,2063.71,2998.0,2852.19
6486,3662,2068.74,2998.0,2852.19
6488,3663,2069.72,2998.0,2852.19
6498,3664,2074.68,2998.0,2852.19
6499,3665,2100.68,2998.0,2852.19
6500,3666,2079.66,2998.0,2852.19
6501,3667,2058.66,2998.0,2852.19
6503,3671,2077.72,2998.0,2852.19
6506,3672,2077.72,2998.0,2852.19
6507,3673,2077.74,2998.0,2852.19
6510,3674,2082.74,2998.0,2852.19
6514,3675,2082.77,2998.0,2852.19
6517,3676,2081.76,2998.0,2852.19
6528,3678,2071.79,2998.0,2852.19
6533,3679,2072.78,2998.0,2852.19
6544,3680,2067.76,2998.0,2852.19
6545,3681,2067.76,2998.0,2852.19
6563,3682,2067.76,2998.0,2852.19
6565,3683,2067.76,2998.0,2852.19
6567,3684,2067.76,2998.0,2852.19
6568,3685,2041.76,2998.0,2852.19
6569,3686,2025.72,2998.0,2852.19
6570,3687,2025.72,2998.0,2852.19
6573,3688,2046.72,2998.0,2852.19
6574,3689,2067.72,2998.0,2852.19
6575,3690,2046.72,2998.0,2852.19
6577,3691,2046.72,2998.0,2852.19
6579,3693,2058.72,2998.0,2852.19
6584,3694,2058.72,2998.0,2852.19
6587,3695,2058.74,2998.0,2852.19
6592,3696,2058.76,2998.0,2852.19
6603,3697,2054.76,2998.0,2852.19
6612,3698,2075.76,2998.0,2852.19
6614,3699,2075.78,2998.0,2852.19
6617,3700,2097.81,2998.0,2852.19
6618,3701,2076.81,2998.0,2852.19
6620,3702,2072.83,2998.0,2852.19
6621,3703,2073.79,2998.0,2852.19
6623,3704,2068.82,2998.0,2852.19
6624,3705,2093.82,2998.0,2852.19
6626,3706,2092.86,2998.0,2852.19
6632,3707,2072.86,2998.0,2852.19
6651,3708,2072.84,2998.0,2852.19
6655,3709,2093.84,2998.0,2852.19
6658,3710,2115.87,2998.0,2852.19
6660,3711,2131.91,2998.0,2852.19
6662,3712,2132.91,2998.0,2852.19
6669,3713,2132.91,2998.0,2852.19
6670,3714,2132.91,2998.0,2852.19
6673,3715,2127.91,2998.0,2852.19
6675,3716,2122.91,2998.0,2852.19
6678,3717,2138.91,2998.0,2852.19
6686,3718,2133.9,2998.0,2852.19
6689,3719,2113.87,2998.0,2852.19
6690,3720,2114.84,2998.0,2852.19
6692,3721,2114.84,2998.0,2852.19
6696,3722,2115.84,2998.0,2852.19
6705,3723,2115.8,2998.0,2852.19
6706,3725,2135.77,2998.0,2852.19
6720,3726,2153.75,2998.0,2852.19
6723,3727,2149.75,2998.0,2852.19
6730,3728,2171.75,2998.0,2852.19
6745,3729,2171.75,2998.0,2852.19
6748,3730,2172.72,2998.0,2852.19
6750,3731,2171.72,2998.0,2852.19
6751,3732,2191.72,2998.0,2852.19
6754,3734,2227.75,2998.0,2852.19
6755,3735,2252.75,2998.0,2852.19
6771,3736,2247.75,2998.0,2852.19
6773,3737,2264.75,2998.0,2852.19
6776,3738,2280.75,2998.0,2852.19
6779,3739,2300.75,2998.0,2852.19
6781,3740,2279.71,2998.0,2852.19
6786,3741,2280.72,2998.0,2852.19
6788,3742,2285.69,2998.0,2852.19
6791,3743,2286.71,2998.0,2852.19
6792,3744,2287.71,2998.0,2852.19
6796,3745,2303.74,2998.0,2852.19
6799,3746,2324.74,2998.0,2852.19
6804,3748,2345.79,2998.0,2852.19
6826,3750,2362.79,2998.0,2852.19
6829,3751,2382.81,2998.0,2852.19
6832,3752,2382.83,2998.0,2852.19
6833,3753,2357.83,2998.0,2852.19
6842,3754,2377.83,2998.0,2852.19
6846,3755,2397.83,2998.0,2852.19
6849,3757,2423.85,2998.0,2852.19
6858,3759,2422.87,2998.0,2852.19
6866,3760,2443.88,2998.0,2852.19
6870,3762,2464.85,2998.0,2852.19
6873,3764,2463.83,2998.0,2852.19
6878,3765,2442.85,2998.0,2852.19
6880,3767,2462.91,2998.0,2852.19
6891,3768,2461.93,2998.0,2852.19
6900,3769,2435.9,2998.0,2852.19
6919,3770,2461.9,2998.0,2852.19
6931,3771,2440.87,2998.0,2852.19
6932,3772,2440.87,2998.0,2852.19
6936,3773,2435.85,2998.0,2852.19
6952,3774,2435.85,2998.0,2852.19
6961,3775,2414.84,2998.0,2852.19
6967,3776,2410.81,2998.0,2852.19
6968,3777,2414.82,2998.0,2852.19
6974,3778,2419.79,2998.0,2852.19
6977,3779,2418.82,2998.0,2852.19
6982,3780,2422.82,2998.0,2852.19
6984,3781,2422.82,2998.0,2852.19
6988,3783,2422.82,2998.0,2852.19
6989,3784,2422.82,2998.0,2852.19
6990,3785,2447.82,2998.0,2852.19
6993,3786,2442.82,2998.0,2852.19
6995,3787,2442.82,2998.0,2852.19
7000,3788,2442.82,2998.0,2852.19
7031,3790,2458.88,2998.0,2852.19
7032,3791,2479.88,2998.0,2852.19
7035,3792,2479.88,2998.0,2852.19
7037,3793,2484.88,2998.0,2852.19
7038,3794,2504.9,2998.0,2852.19
7047,3795,2499.92,2998.0,2852.19
7050,3796,2499.9,2998.0,2852.19
7060,3797,2503.9,2998.0,2852.19
7064,3798,2502.91,2998.0,2852.19
7074,3799,2502.87,2998.0,2852.19
7076,3800,2480.87,2998.0,2852.19
7077,3801,2480.87,2998.0,2852.19
7080,3802,2462.85,2998.0,2852.19
7082,3803,2441.85,2998.0,2852.19
7083,3804,2446.82,2998.0,2852.19
7084,3805,2425.84,2998.0,2852.19
7090,3806,2405.82,2998.0,2852.19
7094,3807,2429.85,2998.0,2852.19
7096,3809,2428.89,2998.0,2852.19
7097,3810,2423.86,2998.0,2852.19
7098,3811,2423.82,2998.0,2852.19
7099,3812,2439.82,2998.0,2852.19
7103,3814,2413.81,2998.0,2852.19
7108,3815,2396.81,2998.0,2852.19
7109,3816,2397.81,2998.0,2852.19
7111,3817,2402.81,2998.0,2852.19
7113,3818,2385.78,2998.0,2852.19
7116,3819,2376.78,2998.0,2852.19
7117,3821,2354.84,2998.0,2852.19
7119,3823,2332.89,2998.0,2852.19
7120,3824,2333.92,2998.0,2852.19
7124,3825,2333.95,2998.0,2852.19
7125,3826,2337.95,2998.0,2852.19
7126,3827,2336.98,2998.0,2852.19
7127,3828,2336.98,2998.0,2852.19
7128,3829,2336.02,2998.0,2852.19
7134,3830,2331.05,2998.0,2852.19
7157,3831,2311.05,2998.0,2852.19
7159,3832,2286.05,2998.0,2852.19
7161,3833,2261.05,2998.0,2852.19
7163,3834,2265.06,2998.0,2852.19
7164,3835,2260.1,2998.0,2852.19
7167,3836,2265.12,2998.0,2852.19
7171,3839,2271.17,2998.0,2852.19
7172,3840,2292.21,2998.0,2852.19
7174,3843,2287.24,2998.0,2852.19
7176,3846,2290.21,2998.0,2852.19
7180,3848,2248.16,2998.0,2852.19
7182,3850,2209.16,2998.0,2852.19
7183,3851,2189.14,2998.0,2852.19
7194,3853,2193.12,2998.0,2852.19
7198,3855,2189.18,2998.0,2852.19
7200,3856,2168.19,2998.0,2852.19
7203,3857,2163.21,2998.0,2852.19
7204,3858,2179.24,2998.0,2852.19
7205,3859,2180.24,2998.0,2852.19
7207,3861,2154.23,2998.0,2852.19
7211,3862,2154.25,2998.0,2852.19
7215,3863,2133.25,2998.0,2852.19
7222,3864,2112.25,2998.0,2852.19
7226,3865,2111.23,2998.0,2852.19
7228,3866,2091.19,2998.0,2852.19
7229,3867,2091.17,2998.0,2852.19
7230,3871,2055.15,2998.0,2852.19
7234,3872,2034.15,2998.0,2852.19
7239,3873,2039.15,2998.0,2852.19
7240,3874,2039.15,2998.0,2852.19
7242,3875,2039.13,2998.0,2852.19
7251,3876,2039.16,2998.0,2852.19
7256,3878,2014.15,2998.0,2852.19
7259,3879,1994.11,2998.0,2852.19
7267,3881,1949.11,2998.0,2852.19
7270,3882,1949.11,2998.0,2852.19
7272,3883,1928.11,2998.0,2852.19
7280,3884,1923.13,2998.0,2852.19
7281,3885,1919.16,2998.0,2852.19
7282,3886,1940.2,2998.0,2852.19
7283,3887,1919.2,2998.0,2852.19
7284,3890,1915.21,2998.0,2852.19
7289,3891,1893.21,2998.0,2852.19
7290,3892,1877.21,2998.0,2852.19
7293,3893,1856.21,2998.0,2852.19
7296,3894,1836.19,2998.0,2852.19
7298,3895,1836.17,2998.0,2852.19
7300,3896,1815.17,2998.0,2852.19
7304,3897,1795.17,2998.0,2852.19
7308,3898,1774.16,2998.0,2852.19
7312,3899,1748.16,2998.0,2852.19
7313,3900,1748.13,2998.0,2852.19
7318,3901,1748.13,2998.0,2852.19
7323,3902,1749.13,2998.0,2852.19
7325,3903,1769.17,2998.0,2852.19
7326,3904,1748.17,2998.0,2852.19
7328,3905,1744.15,2998.0,2852.19
7341,3906,1744.13,2998.0,2852.19
7347,3907,1740.12,2998.0,2852.19
7348,3908,1741.1,2998.0,2852.19
7351,3909,1741.13,2998.0,2852.19
7354,3910,1741.16,2998.0,2852.19
7355,3911,1725.16,2998.0,2852.19
7360,3912,1709.16,2998.0,2852.19
7362,3913,1692.16,2998.0,2852.19
7365,3914,1709.17,2998.0,2852.19
7374,3915,1709.17,2998.0,2852.19
7375,3916,1692.17,2998.0,2852.19
7383,3917,1666.17,2998.0,2852.19
7384,3918,1667.17,2998.0,2852.19
7394,3919,1697.17,2998.0,2852.19
7402,3921,1697.13,2998.0,2852.19
7404,3922,1714.14,2998.0,2852.19
7406,3924,1672.08,2998.0,2852.19
7413,3926,1651.08,2998.0,2852.19
7430,3927,1635.05,2998.0,2852.19
7434,3929,1589.01,2998.0,2852.19
7439,3930,1572.98,2998.0,2852.19
7441,3932,1594.02,2998.0,2852.19
7442,3933,1599.02,2998.0,2852.19
7443,3934,1599.02,2998.0,2852.19
7446,3935,1582.98,2998.0,2852.19
7450,3936,1598.97,2998.0,2852.19
7452,3937,1598.97,2998.0,2852.19
7456,3938,1598.99,2998.0,2852.19
7460,3939,1577.98,2998.0,2852.19
7461,3940,1561.94,2998.0,2852.19
7464,3941,1540.9,2998.0,2852.19
7467,3942,1540.92,2998.0,2852.19
7468,3943,1540.9,2998.0,2852.19
7470,3944,1556.94,2998.0,2852.19
7477,3945,1531.94,2998.0,2852.19
7483,3946,1527.94,2998.0,2852.19
7488,3947,1543.96,2998.0,2852.19
7490,3948,1538.96,2998.0,2852.19
7491,3949,1539.96,2998.0,2852.19
7502,3950,1556.98,2998.0,2852.19
7505,3951,1556.98,2998.0,2852.19
7506,3952,1535.98,2998.0,2852.19
7507,3953,1556.98,2998.0,2852.19
7510,3954,1540.94,2998.0,2852.19
7514,3955,1511.92,2998.0,2852.19
7525,3956,1533.89,2998.0,2852.19
7530,3957,1533.9,2998.0,2852.19
7531,3958,1533.9,2998.0,2852.19
7532,3959,1528.87,2998.0,2852.19
7535,3960,1548.9,2998.0,2852.19
7536,3961,1548.89,2998.0,2852.19
7544,3962,1527.87,2998.0,2852.19
7551,3963,1549.87,2998.0,2852.19
7552,3964,1565.9,2998.0,2852.19
7555,3967,1603.94,2998.0,2852.19
7557,3969,1619.96,2998.0,2852.19
7562,3970,1635.99,2998.0,2852.19
7564,3971,1630.99,2998.0,2852.19
7565,3972,1651.99,2998.0,2852.19
7572,3973,1652.01,2998.0,2852.19
7573,3974,1673.04,2998.0,2852.19
7585,3975,1689.08,2998.0,2852.19
7586,3978,1719.07,2998.0,2852.19
7587,3979,1740.07,2998.0,2852.19
7594,3980,1745.07,2998.0,2852.19
7596,3981,1765.07,2998.0,2852.19
7600,3982,1765.07,2998.0,2852.19
7601,3983,1765.07,2998.0,2852.19
7604,3984,1769.05,2998.0,2852.19
7605,3985,1753.02,2998.0,2852.19
7606,3986,1756.98,2998.0,2852.19
7607,3987,1751.98,2998.0,2852.19
7608,3988,1735.95,2998.0,2852.19
7614,3989,1730.94,2998.0,2852.19
7615,3990,1730.92,2998.0,2852.19
7616,3991,1731.92,2998.0,2852.19
7630,3993,1768.97,2998.0,2852.19
7639,3994,1790.01,2998.0,2852.19
7650,3995,1794.99,2998.0,2852.19
7652,3996,1793.99,2998.0,2852.19
7654,3997,1814.01,2998.0,2852.19
7655,3998,1835.01,2998.0,2852.19
7657,4000,1877.01,2998.0,2852.19
7658,4001,1876.01,2998.0,2852.19
7661,4003,1888.03,2998.0,2852.19
7671,4004,1908.03,2998.0,2852.19
7672,4006,1934.05,2998.0,2852.19
7685,4007,1918.03,2998.0,2852.19
7695,4008,1918.01,2998.0,2852.19
7700,4009,1912.99,2998.0,2852.19
7716,4010,1891.96,2998.0,2852.19
7738,4011,1886.96,2998.0,2852.19
7739,4012,1907.96,2998.0,2852.19
7748,4013,1908.98,2998.0,2852.19
7755,4014,1891.97,2998.0,2852.19
7758,4015,1913.97,2998.0,2852.19
7764,4016,1930.0,2998.0,2852.19
7770,4018,1956.03,2998.0,2852.19
7771,4019,1930.05,2998.0,2852.19
7775,4020,1913.06,2998.0,2852.19
7776,4021,1908.06,2998.0,2852.19
7781,4022,1892.03,2998.0,2852.19
7784,4023,1913.03,2998.0,2852.19
7785,4024,1934.03,2998.0,2852.19
7793,4025,1938.0,2998.0,2852.19
7798,4026,1954.0,2998.0,2852.19
7803,4027,1975.0,2998.0,2852.19
7811,4028,2001.0,2998.0,2852.19
7837,4029,2022.0,2998.0,2852.19
7838,4030,2043.0,2998.0,2852.19
7839,4031,2026.96,2998.0,2852.19
7842,4032,2026.96,2998.0,2852.19
7845,4033,2026.99,2998.0,2852.19
7847,4034,2027.95,2998.0,2852.19
7854,4035,2027.95,2998.0,2852.19
7855,4036,2011.94,2998.0,2852.19
7857,4037,2016.9,2998.0,2852.19
7864,4038,1995.91,2998.0,2852.19
7865,4040,2016.94,2998.0,2852.19
7880,4041,2016.97,2998.0,2852.19
7897,4042,2021.93,2998.0,2852.19
7898,4043,1999.95,2998.0,2852.19
7901,4044,1982.94,2998.0,2852.19
7904,4045,1987.94,2998.0,2852.19
7912,4046,1987.94,2998.0,2852.19
7928,4047,1991.92,2998.0,2852.19
7931,4048,2012.92,2998.0,2852.19
7932,4049,2028.92,2998.0,2852.19
7947,4050,2033.9,2998.0,2852.19
7948,4051,2032.92,2998.0,2852.19
7956,4052,2028.95,2998.0,2852.19
7963,4053,2006.98,2998.0,2852.19
7974,4054,1997.98,2998.0,2852.19
7977,4055,2027.98,2998.0,2852.19
7980,4056,2027.98,2998.0,2852.19
7981,4057,2011.98,2998.0,2852.19
7984,4058,2016.95,2998.0,2852.19
7986,4060,1987.91,2998.0,2852.19
7988,4061,1962.9,2998.0,2852.19
7992,4062,1983.92,2998.0,2852.19
8003,4064,1937.92,2998.0,2852.19
8007,4065,1937.96,2998.0,2852.19
8011,4067,1957.97,2998.0,2852.19
8016,4068,1937.95,2998.0,2852.19
8021,4069,1958.98,2998.0,2852.19
8023,4070,1963.95,2998.0,2852.19
8029,4071,1989.95,2998.0,2852.19
8030,4072,1989.95,2998.0,2852.19
8037,4073,1984.97,2998.0,2852.19
8040,4074,1979.97,2998.0,2852.19
8047,4075,1979.93,2998.0,2852.19
8048,4077,1953.91,2998.0,2852.19
8050,4078,1948.91,2998.0,2852.19
8052,4080,1947.94,2998.0,2852.19
8053,4081,1943.95,2998.0,2852.19
8061,4082,1918.95,2998.0,2852.19
8063,4084,1940.01,2998.0,2852.19
8065,4085,1956.04,2998.0,2852.19
8075,4086,1957.04,2998.0,2852.19
8077,4087,1978.04,2998.0,2852.19
8081,4089,1998.06,2998.0,2852.19
8082,4091,2019.06,2998.0,2852.19
8085,4092,1994.03,2998.0,2852.19
8087,4093,1994.01,2998.0,2852.19
8090,4095,1993.01,2998.0,2852.19
8092,4096,2015.01,2998.0,2852.19
8094,4097,2011.02,2998.0,2852.19
8097,4099,2017.02,2998.0,2852.19
8099,4100,2018.02,2998.0,2852.19
8104,4101,2040.04,2998.0,2852.19
8107,4103,2044.03,2998.0,2852.19
8126,4105,2045.03,2998.0,2852.19
8128,4106,2061.02,2998.0,2852.19
8132,4107,2081.05,2998.0,2852.19
8137,4108,2076.08,2998.0,2852.19
8141,4109,2060.09,2998.0,2852.19
8143,4110,2081.13,2998.0,2852.19
8147,4112,2102.14,2998.0,2852.19
8148,4113,2123.12,2998.0,2852.19
8152,4115,2145.09,2998.0,2852.19
8156,4116,2145.07,2998.0,2852.19
8157,4117,2145.07,2998.0,2852.19
8161,4118,2166.04,2998.0,2852.19
8162,4119,2192.02,2998.0,2852.19
8164,4120,2209.02,2998.0,2852.19
8165,4121,2230.05,2998.0,2852.19
8166,4122,2246.05,2998.0,2852.19
8172,4123,2246.05,2998.0,2852.19
8184,4124,2242.06,2998.0,2852.19
8186,4125,2243.08,2998.0,2852.19
8187,4126,2247.12,2998.0,2852.19
8190,4127,2247.12,2998.0,2852.19
8192,4128,2226.12,2998.0,2852.19
8195,4129,2226.14,2998.0,2852.19
8196,4130,2205.14,2998.0,2852.19
8198,4131,2225.14,2998.0,2852.19
8200,4132,2246.14,2998.0,2852.19
8201,4134,2266.11,2998.0,2852.19
8203,4135,2286.11,2998.0,2852.19
8212,4136,2307.11,2998.0,2852.19
8216,4137,2306.15,2998.0,2852.19
8220,4138,2322.16,2998.0,2852.19
8221,4139,2322.16,2998.0,2852.19
8223,4140,2343.16,2998.0,2852.19
8224,4141,2359.15,2998.0,2852.19
8233,4142,2359.17,2998.0,2852.19
8241,4143,2381.15,2998.0,2852.19
8242,4144,2398.13,2998.0,2852.19
8250,4145,2419.13,2998.0,2852.19
8251,4146,2424.13,2998.0,2852.19
8272,4147,2425.13,2998.0,2852.19
8276,4148,2430.13,2998.0,2852.19
8283,4149,2435.15,2998.0,2852.19
8284,4150,2435.15,2998.0,2852.19
8285,4151,2456.13,2998.0,2852.19
8286,4153,2503.1,2998.0,2852.19
8288,4154,2533.13,2998.0,2852.19
8296,4155,2533.16,2998.0,2852.19
8301,4156,2528.16,2998.0,2852.19
8304,4157,2544.13,2998.0,2852.19
8306,4158,2539.16,2998.0,2852.19
8308,4159,2543.16,2998.0,2852.19
8309,4161,2602.16,2998.0,2852.19
8313,4162,2597.17,2998.0,2852.19
8314,4163,2627.17,2998.0,2852.19
8316,4164,2648.14,2998.0,2852.19
8317,4166,2648.07,2998.0,2852.19
8322,4167,2653.05,2998.0,2852.19
8324,4168,2678.05,2998.0,2852.19
8327,4169,2677.02,2998.0,2852.19
8330,4170,2676.02,2998.0,2852.19
8332,4171,2671.02,2998.0,2852.19
8333,4172,2666.05,2998.0,2852.19
8338,4174,2675.01,2998.0,2852.19
8339,4175,2679.01,2998.0,2852.19
8341,4176,2683.01,2998.0,2852.19
8343,4177,2704.99,2998.0,2852.19
8345,4178,2709.02,2998.0,2852.19
8347,4179,2726.02,2998.0,2852.19
8348,4180,2726.02,2998.0,2852.19
8349,4181,2731.01,2998.0,2852.19
8352,4182,2756.01,2998.0,2852.19
8353,4183,2751.0,2998.0,2852.19
8356,4184,2751.96,2998.0,2852.19
8360,4185,2756.93,2998.0,2852.19
8366,4186,2755.97,2998.0,2852.19
8367,4187,2739.98,2998.0,2852.19
8368,4188,2719.97,2998.0,2852.19
8375,4189,2724.97,2998.0,2852.19
8377,4191,2729.99,2998.0,2852.19
8378,4192,2759.99,2998.0,2852.19
8379,4193,2759.99,2998.0,2852.19
8381,4194,2754.99,2998.0,2852.19
8385,4195,2755.95,2998.0,2852.19
8386,4196,2755.99,2998.0,2852.19
8387,4197,2760.98,2998.0,2852.19
8398,4198,2761.02,2998.0,2852.19
8417,4199,2761.02,2998.0,2852.19
8433,4200,2760.05,2998.0,2852.19
8435,4201,2760.07,2998.0,2852.19
8436,4202,2764.06,2998.0,2852.19
8438,4203,2765.05,2998.0,2852.19
8439,4204,2764.09,2998.0,2852.19
8442,4205,2763.12,2998.0,2852.19
8452,4206,2768.15,2998.0,2852.19
8453,4208,2773.16,2998.0,2852.19
8454,4209,2794.14,2998.0,2852.19
8465,4210,2799.1,2998.0,2852.19
8466,4211,2804.11,2998.0,2852.19
8467,4212,2803.11,2998.0,2852.19
8473,4213,2803.11,2998.0,2852.19
8476,4215,2802.15,2998.0,2852.19
8477,4216,2807.14,2998.0,2852.19
8482,4217,2807.14,2998.0,2852.19
8485,4218,2777.14,2998.0,2852.19
8497,4219,2772.18,2998.0,2852.19
8503,4220,2777.15,2998.0,2852.19
8505,4221,2782.12,2998.0,2852.19
8506,4222,2787.12,2998.0,2852.19
8507,4223,2787.12,2998.0,2852.19
8508,4225,2791.09,2998.0,2852.19
8509,4226,2792.05,2998.0,2852.19
8517,4227,2763.05,2998.0,2852.19
8521,4228,2780.05,2998.0,2852.19
8526,4229,2775.03,2998.0,2852.19
8530,4230,2796.05,2998.0,2852.19
8538,4232,2792.05,2998.0,2852.19
8539,4234,2793.07,2998.0,2852.19
8541,4235,2794.07,2998.0,2852.19
8544,4236,2794.07,2998.0,2852.19
8545,4237,2790.03,2998.0,2852.19
8549,4238,2793.99,2998.0,2852.19
8552,4240,2792.98,2998.0,2852.19
8557,4241,2796.98,2998.0,2852.19
8565,4242,2796.97,2998.0,2852.19
8567,4243,2791.97,2998.0,2852.19
8568,4244,2796.96,2998.0,2852.19
8572,4245,2796.96,2998.0,2852.19
8576,4246,2796.96,2998.0,2852.19
8578,4247,2791.96,2998.0,2852.19
8579,4248,2791.96,2998.0,2852.19
8584,4249,2791.96,2998.0,2852.19
8585,4250,2791.96,2998.0,2852.19
8588,4251,2792.96,2998.0,2852.19
8592,4252,2791.98,2998.0,2852.19
8597,4253,2787.95,2998.0,2852.19
8611,4254,2787.92,2998.0,2852.19
8619,4255,2786.92,2998.0,2852.19
8620,4256,2786.96,2998.0,2852.19
8626,4257,2791.96,2998.0,2852.19
8630,4258,2791.93,2998.0,2852.19
8631,4259,2791.93,2998.0,2852.19
8633,4261,2787.93,2998.0,2852.19
8634,4262,2792.9,2998.0,2852.19
8635,4263,2792.9,2998.0,2852.19
8638,4264,2787.9,2998.0,2852.19
8639,4266,2783.9,2998.0,2852.19
8643,4267,2783.9,2998.0,2852.19
8644,4268,2783.9,2998.0,2852.19
8645,4269,2784.92,2998.0,2852.19
8646,4271,2789.92,2998.0,2852.19
8649,4273,2785.89,2998.0,2852.19
8650,4274,2784.86,2998.0,2852.19
8655,4275,2785.86,2998.0,2852.19
8658,4276,2786.86,2998.0,2852.19
8660,4277,2786.86,2998.0,2852.19
8664,4278,2787.83,2998.0,2852.19
8681,4279,2792.8,2998.0,2852.19
8684,4280,2792.8,2998.0,2852.19
8685,4281,2791.8,2998.0,2852.19
8687,4283,2770.79,2998.0,2852.19
8690,4284,2769.79,2998.0,2852.19
8694,4285,2769.79,2998.0,2852.19
8701,4286,2770.75,2998.0,2852.19
8729,4287,2791.74,2998.0,2852.19
8767,4289,2812.72,2998.0,2852.19
8811,4290,2807.74,2998.0,2852.19
8816,4292,2807.72,2998.0,2852.19
8817,4294,2807.72,2998.0,2852.19
8818,4295,2802.76,2998.0,2852.19
8819,4297,2797.7,2998.0,2852.19
8822,4298,2797.68,2998.0,2852.19
8829,4299,2792.72,2998.0,2852.19
8831,4300,2793.72,2998.0,2852.19
8833,4302,2772.74,2998.0,2852.19
8834,4303,2772.71,2998.0,2852.19
8844,4304,2773.69,2998.0,2852.19
8847,4305,2774.7,2998.0,2852.19
8857,4306,2773.66,2998.0,2852.19
8859,4307,2773.63,2998.0,2852.19
8863,4309,2769.63,2998.0,2852.19
8870,4310,2769.63,2998.0,2852.19
8871,4311,2769.61,2998.0,2852.19
8873,4312,2765.62,2998.0,2852.19
8880,4313,2764.65,2998.0,2852.19
8885,4314,2760.63,2998.0,2852.19
8886,4315,2760.63,2998.0,2852.19
8888,4316,2760.66,2998.0,2852.19
8894,4317,2759.66,2998.0,2852.19
8899,4318,2789.66,2998.0,2852.19
8900,4319,2793.62,2998.0,2852.19
8913,4320,2793.64,2998.0,2852.19
8922,4321,2792.66,2998.0,2852.19
8924,4323,2791.69,2998.0,2852.19
8925,4324,2792.69,2998.0,2852.19
8931,4325,2792.69,2998.0,2852.19
8933,4326,2792.71,2998.0,2852.19
8935,4327,2821.71,2998.0,2852.19
8936,4329,2825.71,2998.0,2852.19
8937,4330,2825.71,2998.0,2852.19
8940,4331,2825.71,2998.0,2852.19
8941,4332,2825.71,2998.0,2852.19
8943,4334,2824.74,2998.0,2852.19
8950,4335,2824.74,2998.0,2852.19
8951,4336,2824.74,2998.0,2852.19
8954,4337,2829.74,2998.0,2852.19
8955,4338,2830.74,2998.0,2852.19
8963,4339,2831.74,2998.0,2852.19
8965,4340,2831.74,2998.0,2852.19
8966,4341,2832.72,2998.0,2852.19
8967,4343,2836.74,2998.0,2852.19
8968,4344,2836.78,2998.0,2852.19
8969,4345,2836.78,2998.0,2852.19
8971,4346,2831.78,2998.0,2852.19
8978,4347,2831.78,2998.0,2852.19
8979,4348,2831.8,2998.0,2852.19
8982,4349,2831.78,2998.0,2852.19
8988,4350,2831.78,2998.0,2852.19
8996,4351,2831.78,2998.0,2852.19
8999,4352,2832.76,2998.0,2852.19
9001,4353,2837.76,2998.0,2852.19
9021,4354,2836.76,2998.0,2852.19
9023,4355,2837.76,2998.0,2852.19
9030,4356,2837.72,2998.0,2852.19
9035,4357,2837.72,2998.0,2852.19
9045,4359,2808.72,2998.0,2852.19
9046,4360,2803.72,2998.0,2852.19
9055,4361,2807.72,2998.0,2852.19
9057,4362,2807.73,2998.0,2852.19
9064,4363,2802.73,2998.0,2852.19
9065,4364,2807.75,2998.0,2852.19
9066,4365,2807.79,2998.0,2852.19
9067,4366,2807.83,2998.0,2852.19
9069,4367,2802.83,2998.0,2852.19
9070,4368,2801.83,2998.0,2852.19
9082,4369,2801.82,2998.0,2852.19
9085,4371,2797.82,2998.0,2852.19
9092,4373,2807.82,2998.0,2852.19
9094,4374,2808.82,2998.0,2852.19
9097,4375,2808.84,2998.0,2852.19
9103,4376,2808.84,2998.0,2852.19
9104,4377,2803.85,2998.0,2852.19
9105,4378,2803.88,2998.0,2852.19
9108,4379,2803.91,2998.0,2852.19
9112,4380,2802.94,2998.0,2852.19
9113,4381,2803.97,2998.0,2852.19
9115,4382,2829.99,2998.0,2852.19
9119,4383,2829.99,2998.0,2852.19
9122,4384,2830.03,2998.0,2852.19
9134,4385,2829.07,2998.0,2852.19
9135,4386,2829.07,2998.0,2852.19
9141,4387,2829.11,2998.0,2852.19
9142,4388,2829.11,2998.0,2852.19
9143,4389,2828.11,2998.0,2852.19
9146,4390,2833.09,2998.0,2852.19
9147,4391,2833.1,2998.0,2852.19
9149,4392,2833.14,2998.0,2852.19
9157,4393,2838.14,2998.0,2852.19
9159,4394,2838.17,2998.0,2852.19
9160,4395,2838.17,2998.0,2852.19
9167,4396,2843.2,2998.0,2852.19
9177,4397,2843.2,2998.0,2852.19
9183,4398,2843.18,2998.0,2852.19
9184,4399,2847.14,2998.0,2852.19
9193,4400,2847.11,2998.0,2852.19
9201,4401,2868.09,2998.0,2868.09
9212,4402,2867.05,2998.0,2868.09
9221,4403,2867.07,2998.0,2868.09
9223,4404,2867.07,2998.0,2868.09
9230,4405,2866.03,2998.0,2868.09
9233,4406,2862.03,2998.0,2868.09
9235,4407,2862.06,2998.0,2868.09
9242,4408,2867.05,2998.0,2868.09
9247,4410,2867.02,2998.0,2868.09
9248,4411,2867.05,2998.0,2868.09
9252,4412,2872.04,2998.0,2872.04
9263,4413,2873.05,2998.0,2873.05
9269,4414,2878.03,2998.0,2878.03
9279,4415,2877.03,2998.0,2878.03
9283,4416,2877.0,2998.0,2878.03
9289,4418,2877.03,2998.0,2878.03
9290,4419,2873.07,2998.0,2878.03
9302,4420,2873.07,2998.0,2878.03
9307,4422,2873.09,2998.0,2878.03
9311,4423,2869.06,2998.0,2878.03
9319,4424,2868.09,2998.0,2878.03
9320,4425,2868.09,2998.0,2878.03
9322,4426,2868.08,2998.0,2878.03
9323,4427,2868.08,2998.0,2878.03
9325,4428,2873.1,2998.0,2878.03
9326,4430,2873.09,2998.0,2878.03
9330,4433,2873.09,2998.0,2878.03
9338,4434,2873.06,2998.0,2878.03
9357,4435,2873.1,2998.0,2878.03
9362,4436,2868.1,2998.0,2878.03
9363,4437,2868.1,2998.0,2878.03
9365,4439,2867.1,2998.0,2878.03
9366,4441,2862.08,2998.0,2878.03
9374,4443,2857.06,2998.0,2878.03
9375,4445,2852.02,2998.0,2878.03
9379,4446,2857.06,2998.0,2878.03
9382,4447,2861.06,2998.0,2878.03
9392,4448,2856.04,2998.0,2878.03
9396,4449,2856.04,2998.0,2878.03
9400,4450,2856.08,2998.0,2878.03
9404,4451,2830.08,2998.0,2878.03
9411,4452,2830.11,2998.0,2878.03
9412,4453,2825.12,2998.0,2878.03
9415,4454,2826.15,2998.0,2878.03
9424,4455,2825.16,2998.0,2878.03
9425,4456,2830.17,2998.0,2878.03
9426,4457,2829.17,2998.0,2878.03
9427,4459,2859.2,2998.0,2878.03
9428,4461,2864.24,2998.0,2878.03
9430,4462,2859.27,2998.0,2878.03
9431,4463,2864.29,2998.0,2878.03
9434,4464,2864.27,2998.0,2878.03
9439,4466,2869.21,2998.0,2878.03
9446,4467,2874.21,2998.0,2878.03
9462,4468,2874.22,2998.0,2878.03
9467,4469,2874.25,2998.0,2878.03
9468,4471,2879.3,2998.0,2879.3
9471,4472,2878.34,2998.0,2879.3
9475,4474,2877.38,2998.0,2879.3
9478,4475,2877.36,2998.0,2879.3
9479,4476,2877.36,2998.0,2879.3
9486,4477,2882.35,2998.0,2882.35
9548,4478,2877.36,2998.0,2882.35
9551,4479,2877.33,2998.0,2882.35
9570,4480,2878.3,2998.0,2882.35
9581,4481,2849.27,2998.0,2882.35
9583,4482,2823.25,2998.0,2882.35
9587,4483,2823.25,2998.0,2882.35
9592,4484,2824.23,2998.0,2882.35
9596,4485,2799.19,2998.0,2882.35
9598,4486,2799.2,2998.0,2882.35
9601,4487,2799.19,2998.0,2882.35
9603,4488,2799.2,2998.0,2882.35
9614,4489,2800.21,2998.0,2882.35
9615,4490,2800.22,2998.0,2882.35
9616,4491,2800.21,2998.0,2882.35
9624,4492,2800.17,2998.0,2882.35
9625,4493,2800.19,2998.0,2882.35
9635,4494,2800.16,2998.0,2882.35
9636,4495,2805.12,2998.0,2882.35
9638,4496,2805.09,2998.0,2882.35
9644,4497,2805.11,2998.0,2882.35
9645,4498,2804.13,2998.0,2882.35
9652,4499,2805.16,2998.0,2882.35
9654,4500,2804.19,2998.0,2882.35
9667,4502,2806.24,2998.0,2882.35
9670,4503,2806.22,2998.0,2882.35
9673,4505,2807.2,2998.0,2882.35
9675,4506,2812.22,2998.0,2882.35
9681,4507,2812.21,2998.0,2882.35
9689,4508,2812.21,2998.0,2882.35
9694,4509,2812.21,2998.0,2882.35
9700,4510,2811.21,2998.0,2882.35
9704,4512,2811.2,2998.0,2882.35
9705,4514,2811.2,2998.0,2882.35
9707,4515,2786.2,2998.0,2882.35
9708,4517,2786.2,2998.0,2882.35
9709,4518,2787.17,2998.0,2882.35
9712,4519,2792.13,2998.0,2882.35
9714,4520,2792.13,2998.0,2882.35
9717,4521,2793.14,2998.0,2882.35
9718,4522,2793.1,2998.0,2882.35
9724,4524,2799.13,2998.0,2882.35
9729,4525,2778.13,2998.0,2882.35
9730,4526,2778.12,2998.0,2882.35
9731,4527,2773.12,2998.0,2882.35
9732,4529,2773.14,2998.0,2882.35
9733,4530,2773.13,2998.0,2882.35
9734,4531,2773.13,2998.0,2882.35
9735,4532,2778.17,2998.0,2882.35
9736,4533,2773.19,2998.0,2882.35
9737,4535,2774.15,2998.0,2882.35
9741,4536,2779.15,2998.0,2882.35
9742,4537,2779.15,2998.0,2882.35
9745,4538,2780.19,2998.0,2882.35
9752,4539,2780.22,2998.0,2882.35
9759,4540,2780.24,2998.0,2882.35
9763,4542,2789.26,2998.0,2882.35
9765,4543,2764.26,2998.0,2882.35
9766,4544,2743.26,2998.0,2882.35
9769,4545,2743.27,2998.0,2882.35
9780,4546,2743.23,2998.0,2882.35
9803,4547,2743.23,2998.0,2882.35
9804,4548,2748.25,2998.0,2882.35
9813,4549,2748.25,2998.0,2882.35
9814,4550,2747.21,2998.0,2882.35
9827,4553,2773.25,2998.0,2882.35
9836,4554,2773.25,2998.0,2882.35
9838,4555,2774.23,2998.0,2882.35
9841,4556,2774.22,2998.0,2882.35
9845,4557,2775.25,2998.0,2882.35
9846,4558,2780.24,2998.0,2882.35
9848,4561,2776.22,2998.0,2882.35
9849,4562,2781.18,2998.0,2882.35
9850,4564,2776.16,2998.0,2882.35
9859,4565,2776.16,2998.0,2882.35
9873,4566,2776.16,2998.0,2882.35
9878,4567,2776.2,2998.0,2882.35
9885,4569,2777.16,2998.0,2882.35
9889,4570,2751.15,2998.0,2882.35
9894,4571,2751.13,2998.0,2882.35
9895,4572,2752.09,2998.0,2882.35
9897,4573,2752.05,2998.0,2882.35
9898,4574,2753.05,2998.0,2882.35
9904,4576,2753.05,2998.0,2882.35
9909,4577,2753.05,2998.0,2882.35
9916,4579,2758.09,2998.0,2882.35
9918,4580,2758.09,2998.0,2882.35
9922,4581,2787.11,2998.0,2882.35
9927,4582,2813.13,2998.0,2882.35
9930,4583,2813.15,2998.0,2882.35
9932,4584,2792.13,2998.0,2882.35
9934,4585,2818.13,2998.0,2882.35
9935,4586,2818.12,2998.0,2882.35
9939,4587,2818.13,2998.0,2882.35
9940,4588,2818.15,2998.0,2882.35
9962,4589,2817.14,2998.0,2882.35
9964,4590,2817.17,2998.0,2882.35
9973,4591,2812.17,2998.0,2882.35
9982,4592,2812.18,2998.0,2882.35
9993,4593,2811.2,2998.0,2882.35
9994,4594,2787.2,2998.0,2882.35